date,observed,trend,seasonal,resid
1988-01-01,3.675147027,3.926974425605937,1.2153150273972515,-1.4671424260031887
1988-01-15,3.748086324,3.962517630309615,1.180203987076648,-1.394635293386263
1988-02-01,3.780023218,3.998060835013292,0.9594672021672312,-1.177504819180523
1988-02-15,3.793792538,4.03360403971697,0.9232365244129688,-1.1630480261299385
1988-03-01,3.828572207,4.069147244420647,0.945721733567033,-1.1862967709876804
1988-03-15,3.918414133,4.104690449124324,0.8799496002193314,-1.0662259163436554
1988-04-01,4.022962081,4.140233653828002,0.22805266918302922,-0.34532424201103085
1988-04-15,4.01181533,4.1757768585316795,0.17286800002803226,-0.3368295285597116
1988-05-01,4.039328205,4.211320063235357,-0.8049157067492195,0.6329238485138627
1988-05-15,4.152166814,4.246863267939034,-0.9868320042175357,0.8921355502785019
1988-06-01,4.229793064,4.282406472642712,-1.102667102734646,1.0500536940919343
1988-06-15,4.315304171,4.317949677346389,-1.0882267657353135,1.0855812593889245
1988-07-01,4.420344561,4.3107586893541665,-0.9106839921666775,1.0202698638125112
1988-07-15,4.464230236,4.359300205104167,-0.9125114513609922,1.0174414822568252
1988-08-01,4.462003603,4.4048383064375,-0.949253329266385,1.0064186258288852
1988-08-15,4.481695091,4.448757395833333,-0.9244084352233128,0.9573461303899797
1988-09-01,4.530329688,4.491194872208332,-0.7356557125608153,0.7747905283524831
1988-09-15,4.564165705,4.531799973229166,-0.8553638211824369,0.8877295529532706
1988-10-01,4.566862484,4.570971905437499,-0.3649676984628422,0.3608582770253425
1988-10-15,4.6423444345,4.610474368354166,0.13128619106362108,-0.09941612491778687
1988-11-01,4.717826385,4.651481084833334,0.6273351314481935,-0.5609898312815268
1988-11-15,4.749862772,4.692829915083333,0.6502984930219573,-0.5932656361052904
1988-12-01,4.837786276,4.733145864458333,0.751728605219027,-0.6470881936773597
1988-12-15,4.898322634,4.771627423312499,0.9700228548558527,-0.8433276441683517
1989-01-01,4.889206153,4.8074596774375,1.2153150273972515,-1.1335685518347511
1989-01-15,4.864019954,4.841630268041666,1.180203987076648,-1.157814301118314
1989-02-01,4.849918452,4.875894680041666,0.9594672021672312,-0.9854434302088977
1989-02-15,4.832013595,4.909414918666666,0.9232365244129688,-1.0006378480796347
1989-03-01,4.827350016,4.940026682854167,0.945721733567033,-1.0583984004212001
1989-03-15,4.868681173,4.968502720916667,0.8799496002193314,-0.9797711481359985
1989-04-01,4.952947787,4.997186450229166,0.22805266918302922,-0.27229133241219505
1989-04-15,4.977947844,5.025110273229167,0.17286800002803226,-0.2200304292571993
1989-05-01,5.041518082,5.050522508729166,-0.8049157067492195,0.7959112800200528
1989-05-15,5.134720789,5.0742808279375,-0.9868320042175357,1.0472719652800362
1989-06-01,5.182404659,5.098764035666667,-1.102667102734646,1.1863077260679793
1989-06-15,5.209807401,5.127780620020833,-1.0882267657353135,1.1702535467144801
1989-07-01,5.245789529,5.166286009833334,-0.9106839921666775,0.9901875113333435
1989-07-15,5.278973617,5.213514743625,-0.9125114513609922,0.9779703247359925
1989-08-01,5.291951998,5.265589096166666,-0.949253329266385,0.975616231099719
1989-08-15,5.26071815,5.3233401174375,-0.9244084352233128,0.8617864677858129
1989-09-01,5.22067131,5.386429244708333,-0.7356557125608153,0.5698977778524822
1989-09-15,5.24067391,5.4503705549375,-0.8553638211824369,0.645667176244937
1989-10-01,5.267173286,5.5116487865625,-0.3649676984628422,0.12049219790034277
1989-10-15,5.2823771365,5.5711442615625,0.13128619106362108,-0.42005331612612096
1989-11-01,5.297580987,5.6288325510625,0.6273351314481935,-0.9585866955106933
1989-11-15,5.310507492,5.683181746812499,0.6502984930219573,-1.0229727478344564
1989-12-01,5.452335527,5.736009270020833,0.751728605219027,-1.0354023482398604
1989-12-15,5.676569432,5.789097753229166,0.9700228548558527,-1.0825511760850188
1990-01-01,5.959218066,5.842385076729167,1.2153150273972515,-1.0984820381264186
1990-01-15,6.060987263,5.8960574659375,1.180203987076648,-1.0152741900141478
1990-02-01,6.152520065,5.950917890291667,0.9594672021672312,-0.7578650274588978
1990-02-15,6.301461003,6.007754891187499,0.9232365244129688,-0.6295304126004679
1990-03-01,6.386180717,6.066670920875,0.945721733567033,-0.6262119374420324
1990-03-15,6.379033363,6.127469499645834,0.8799496002193314,-0.6283857368651655
1990-04-01,6.383950715,6.189192485104167,0.22805266918302922,-0.03329443928719597
1990-04-15,6.402727716,6.251879462708333,0.17286800002803226,-0.022019746736364754
1990-05-01,6.385776106,6.316444340020833,-0.8049157067492195,0.8742474727283859
1990-05-15,6.399224161,6.388754533166667,-0.9868320042175357,0.9973016320508691
1990-06-01,6.453622401,6.466293410312499,-1.102667102734646,1.0899960934221467
1990-06-15,6.486836853,6.539920336520833,-1.0882267657353135,1.0351432822144804
1990-07-01,6.526551605,6.607276897020832,-0.9106839921666775,0.8299587001458449
1990-07-15,6.574486223,6.668976987895833,-0.9125114513609922,0.8180206864651589
1990-08-01,6.629739761,6.72819699775,-0.949253329266385,0.8507960925163851
1990-08-15,6.65110643,6.784376131375,-0.9244084352233128,0.7911387338483127
1990-09-01,6.658252455,6.837617761187499,-0.7356557125608153,0.5562904063733171
1990-09-15,6.721424546,6.891172594416666,-0.8553638211824369,0.6856157727657705
1990-10-01,6.749125952,6.9463274598541656,-0.3649676984628422,0.16776619060867665
1990-10-15,6.8093993955,7.0022933255624995,0.13128619106362108,-0.3241801211261207
1990-11-01,6.869672839,7.059593764791666,0.6273351314481935,-0.8172560572398598
1990-11-15,7.209304911,7.119036343812499,0.6502984930219573,-0.5600299258344559
1990-12-01,7.275404211,7.179800088145833,0.751728605219027,-0.6561244823648603
1990-12-15,7.387593206,7.2405279130416655,0.9700228548558527,-0.8229575618975182
1991-01-01,7.481309196,7.300987375666667,1.2153150273972515,-1.0349932070639185
1991-01-15,7.500500495,7.361221813166666,1.180203987076648,-1.0409253052433143
1991-02-01,7.555567306,7.4199527324583325,0.9594672021672312,-0.8238526286255634
1991-02-15,7.595012176,7.476395354395833,0.9232365244129688,-0.8046197028088016
1991-03-01,7.648227775,7.531144715729166,0.945721733567033,-0.8286386742961994
1991-03-15,7.6876183,7.584516112166666,0.8799496002193314,-0.7768474123859979
1991-04-01,7.722799319,7.637119394208332,0.22805266918302922,-0.14237274439136124
1991-04-15,7.750240666,7.692027465958333,0.17286800002803226,-0.11465479998636519
1991-05-01,7.788684239,7.751491030791666,-0.8049157067492195,0.8421089149575539
1991-05-15,7.849559821,7.817289139374999,-0.9868320042175357,1.0191026858425363
1991-06-01,7.919946469,7.887013677354165,-1.102667102734646,1.1355998943804808
1991-06-15,7.93544838,7.955665975374999,-1.0882267657353135,1.0680091703603147
1991-07-01,7.979994284,8.023031429708332,-0.9106839921666775,0.867646846458345
1991-07-15,8.012296544,8.091514576083332,-0.9125114513609922,0.8332934192776598
1991-08-01,8.011013566,8.1620083789375,-0.949253329266385,0.7982585163288856
1991-08-15,7.979078478,8.2324856210625,-0.9244084352233128,0.6710012921608131
1991-09-01,7.958249751,8.303100192208333,-0.7356557125608153,0.3908052713524822
1991-09-15,7.983254279,8.374986599104165,-0.8553638211824369,0.46363150107827134
1991-10-01,8.012253757,8.44762760525,-0.3649676984628422,-0.07040614978715803
1991-10-15,8.1818590345,8.519681602750001,0.13128619106362108,-0.46910875931362195
1991-11-01,8.351464312,8.588712398354167,0.6273351314481935,-0.864583217802361
1991-11-15,8.88582265,8.653179899937498,0.6502984930219573,-0.41765574295945607
1991-12-01,8.945664295,8.713907925479166,0.751728605219027,-0.5199722356981927
1991-12-15,9.012643427,8.772595107708334,0.9700228548558527,-0.729974535564186
1992-01-01,9.089800783,8.829975776916667,1.2153150273972515,-0.9554900213139192
1992-01-15,9.179199934,8.885958444333333,1.180203987076648,-0.8869624974099817
1992-02-01,9.260570404,8.941015885645832,0.9594672021672312,-0.6399126838130644
1992-02-15,9.2729167,8.996218486333333,0.9232365244129688,-0.6465383107463025
1992-03-01,9.359822666,9.052365698395834,0.945721733567033,-0.6382647659628672
1992-03-15,9.42657094,9.108842333104166,0.8799496002193314,-0.5622209933234976
1992-04-01,9.470614974,9.165788050979165,0.22805266918302922,0.07677425383780592
1992-04-15,9.461016891,9.220887256229167,0.17286800002803226,0.06726163474280056
1992-05-01,9.391386203,9.270856457479166,-0.8049157067492195,0.9254454522700534
1992-05-15,9.341297933,9.308577817083332,-0.9868320042175357,1.0195521201342035
1992-06-01,9.343153583,9.339145106708333,-1.102667102734646,1.1066755790263123
1992-06-15,9.329226013,9.373138128770833,-1.0882267657353135,1.04431464996448
1992-07-01,9.340488773,9.407759444854166,-0.9106839921666775,0.8434133203125117
1992-07-15,9.338970091,9.440365606291667,-0.9125114513609922,0.811115936069325
1992-08-01,9.327097202,9.4698915686875,-0.949253329266385,0.8064589625788847
1992-08-15,9.312719675,9.496390677583333,-0.9244084352233128,0.7407374326399798
1992-09-01,9.319674733,9.5186179166875,-0.7356557125608153,0.5367125288733147
1992-09-15,9.332707763,9.53649111725,-0.8553638211824369,0.6515804669324373
1992-10-01,9.396194731,9.551924869625,-0.3649676984628422,0.2092375598378426
1992-10-15,9.442679912500001,9.5679287779375,0.13128619106362108,-0.25653505650111963
1992-11-01,9.489165094,9.5875869393125,0.6273351314481935,-0.7257569767606927
1992-11-15,9.558747129,9.611814011270832,0.6502984930219573,-0.7033653752927891
1992-12-01,9.739969718,9.639069285749999,0.751728605219027,-0.6508281729690265
1992-12-15,9.850003063,9.668684978125,0.9700228548558527,-0.7887047699808523
1993-01-01,9.914264319,9.700324483208334,1.2153150273972515,-1.0013751916055846
1993-01-15,9.919832147,9.732710113541666,1.180203987076648,-0.9930819536183146
1993-02-01,9.937184386,9.765662006187501,0.9594672021672312,-0.7879448223547321
1993-02-15,9.868259945,9.799623188541666,0.9232365244129688,-0.8545997679546349
1993-03-01,9.831386898,9.835250118166666,0.945721733567033,-0.9495849537336992
1993-03-15,9.812920335,9.871329213666666,0.8799496002193314,-0.938358478885998
1993-04-01,9.825085693,9.905396996708333,0.22805266918302922,-0.3083639728913624
1993-04-15,9.874733771,9.937515074760416,0.17286800002803226,-0.2356493037884475
1993-05-01,9.921261069,9.968622220666665,-0.8049157067492195,0.7575545550825541
1993-05-15,9.974322521,9.998575680395831,-0.9868320042175357,0.9625788448217042
1993-06-01,10.01838217,10.026894136083332,-1.102667102734646,1.094155136651315
1993-06-15,10.07555066,10.0542822085625,-1.0882267657353135,1.1094952171728134
1993-07-01,10.11286037,10.081919235187499,-0.9106839921666775,0.9416251269791786
1993-07-15,10.12110875,10.109266991729166,-0.9125114513609922,0.9243532096318254
1993-08-01,10.12664939,10.135185887291666,-0.949253329266385,0.9407168319747199
1993-08-15,10.14330424,10.160745586020832,-0.9244084352233128,0.9069670892024815
1993-09-01,10.19918279,10.1876685295,-0.7356557125608153,0.7471699730608156
1993-09-15,10.18499629,10.215665010895833,-0.8553638211824369,0.8246951002866046
1993-10-01,10.17915979,10.2440287746875,-0.3649676984628422,0.3000987137753421
1993-10-15,10.201382599999999,10.271008457729167,0.13128619106362108,-0.20091204879278904
1993-11-01,10.22360541,10.295992669187498,0.6273351314481935,-0.6997223906356925
1993-11-15,10.26207288,10.319695594604166,0.6502984930219573,-0.7079212076261236
1993-12-01,10.39592984,10.341853191041666,0.751728605219027,-0.6976519562606925
1993-12-15,10.50867042,10.363274987291668,0.9700228548558527,-0.8246274221475207
1994-01-01,10.58217424,10.384856345208334,1.2153150273972515,-1.017997132605585
1994-01-15,10.56461454,10.406682133958334,1.180203987076648,-1.0222715810349814
1994-02-01,10.53650898,10.428983294375001,0.9594672021672312,-0.8519415165422319
1994-02-15,10.49580089,10.451596575416668,0.9232365244129688,-0.8790322098296364
1994-03-01,10.49614724,10.47358254125,0.945721733567033,-0.923157034817032
1994-03-15,10.4919911,10.495492941666667,0.8799496002193314,-0.8834514418859984
1994-04-01,10.50747559,10.519229930208333,0.22805266918302922,-0.23980700939136165
1994-04-15,10.48736866,10.544363749791668,0.17286800002803226,-0.22986308981970027
1994-05-01,10.50786833,10.569725761041667,-0.8049157067492195,0.7430582757075533
1994-05-15,10.52545568,10.594765676249999,-0.9868320042175357,0.9175220079675371
1994-06-01,10.53081364,10.618401133541667,-1.102667102734646,1.0150796091929788
1994-06-15,10.59136541,10.640197304791666,-1.0882267657353135,1.0393948709436471
1994-07-01,10.6329508,10.66575756625,-0.9106839921666775,0.8778772259166764
1994-07-15,10.64865618,10.700741570416668,-0.9125114513609922,0.8604260609443244
1994-08-01,10.66955766,10.745198523541667,-0.949253329266385,0.8736124657247184
1994-08-15,10.68583346,10.797471283333334,-0.9244084352233128,0.8127706118899789
1994-09-01,10.71197993,10.865982575208333,-0.7356557125608153,0.5816530673524821
1994-09-15,10.72389837,10.9640001175,-0.8553638211824369,0.615262073682438
1994-10-01,10.77963316,11.092716351041666,-0.3649676984628422,0.05188450742117551
1994-10-15,10.80733257,11.239229217291665,0.13128619106362108,-0.5631828383552867
1994-11-01,10.83503198,11.391807999583333,0.6273351314481935,-1.184111151031527
1994-11-15,10.85256224,11.549302963333332,0.6502984930219573,-1.3470392163552902
1994-12-01,10.93994243,11.713647299166666,0.751728605219027,-1.525433474385693
1994-12-15,11.01087405,11.884064260833334,0.9700228548558527,-1.8432130656891867
1995-01-01,11.30686316,12.058723458125,1.2153150273972515,-1.9671753255222506
1995-01-15,11.51915782,12.237346557083335,1.180203987076648,-1.8983927241599825
1995-02-01,11.71589945,12.418780071041667,0.9594672021672312,-1.6623478232088977
1995-02-15,11.82550289,12.602437783541667,0.9232365244129688,-1.7001714179546368
1995-03-01,12.45498725,12.788445871458334,0.945721733567033,-1.279180355025367
1995-03-15,13.23799312,12.978365994374998,0.8799496002193314,-0.6203224745943294
1995-04-01,13.93985278,13.175058072291666,0.22805266918302922,0.5367420385253056
1995-04-15,14.08760905,13.382166291041665,0.17286800002803226,0.5325747589303018
1995-05-01,14.23140949,13.601098438125,-0.8049157067492195,1.4352267586242204
1995-05-15,14.36167278,13.829317324375,-0.9868320042175357,1.5191874598425357
1995-06-01,14.58312466,14.065066726249999,-1.102667102734646,1.6207250364846466
1995-06-15,14.71906855,14.318950493333332,-1.0882267657353135,1.4883448224019804
1995-07-01,14.88888913,14.58792746458333,-0.9106839921666775,1.2116456575833476
1995-07-15,14.9666266,14.856336659375,-0.9125114513609922,1.0228013919859922
1995-08-01,15.06039591,15.124003925833332,-0.949253329266385,0.8856453134330535
1995-08-15,15.11056541,15.39409600875,-0.9244084352233128,0.6408778364733132
1995-09-01,15.2156362,15.655609587083333,-0.7356557125608153,0.29568232547748263
1995-09-15,15.336408,15.894775758125,-0.8553638211824369,0.2969960630574372
1995-10-01,15.60834327,16.114775164999998,-0.3649676984628422,-0.14146419653715464
1995-10-15,15.919816959999999,16.32927894708333,0.13128619106362108,-0.5407481781469538
1995-11-01,16.23129065,16.545844904375002,0.6273351314481935,-0.9418893858231975
1995-11-15,16.41081011,16.76322664625,0.6502984930219573,-1.002715029271958
1995-12-01,16.69766585,16.979065953333333,0.751728605219027,-1.0331287085523595
1995-12-15,17.43957145,17.192801585625,0.9700228548558527,-0.7232529904808522
1996-01-01,17.78906038,17.40486679770833,1.2153150273972515,-0.8311214451055826
1996-01-15,17.92060195,17.616880303958332,1.180203987076648,-0.8764823410349822
1996-02-01,18.16248411,17.83146728958333,0.9594672021672312,-0.6284503817505598
1996-02-15,18.34333821,18.047588557708334,0.9232365244129688,-0.6274868721213038
1996-03-01,18.48980369,18.26509483395833,0.945721733567033,-0.7210128775253638
1996-03-15,18.68315289,18.483174160833332,0.8799496002193314,-0.6799708710526651
1996-04-01,19.05466454,18.699606726666666,0.22805266918302922,0.1270051441503061
1996-04-15,19.26897883,18.913403583854166,0.17286800002803226,0.18270724611780031
1996-05-01,19.44520566,19.123915655416667,-0.8049157067492195,1.1262057113325517
1996-05-15,19.58220022,19.332830968958334,-0.9868320042175357,1.236201255259203
1996-06-01,19.72288396,19.558825699791665,-1.102667102734646,1.2667253629429815
1996-06-15,19.8386196,19.79185117333333,-1.0882267657353135,1.1349951924019837
1996-07-01,19.94846826,20.01553319833333,-0.9106839921666775,0.8436190538333462
1996-07-15,20.08369577,20.241977382916666,-0.9125114513609922,0.7542298384443249
1996-08-01,20.24350205,20.469746261458333,-0.949253329266385,0.723009117808052
1996-08-15,20.30128014,20.694436857083332,-0.9244084352233128,0.5312517181399803
1996-09-01,20.46522273,20.917405672916665,-0.7356557125608153,0.2834727696441509
1996-09-15,20.55462916,21.139493968125,-0.8553638211824369,0.2704990130574393
1996-10-01,20.77888527,21.353712663958333,-0.3649676984628422,-0.20985969549549127
1996-10-15,21.011524105,21.557452239375,0.13128619106362108,-0.677214325438621
1996-11-01,21.24416294,21.752449291458333,0.6273351314481935,-1.135621482906528
1996-11-15,21.42587287,21.940323875208332,0.6502984930219573,-1.16474949823029
1996-12-01,22.53035017,22.124253893125,0.751728605219027,-0.34563232834402957
1996-12-15,22.79210986,22.305041496666668,0.9700228548558527,-0.48295449152252057
1997-01-01,23.17325917,22.485331811875,1.2153150273972515,-0.5273876692722497
1997-01-15,23.40572402,22.666492117291668,1.180203987076648,-0.4409720843683149
1997-02-01,23.61026821,22.847322256666665,0.9594672021672312,-0.1965212488338952
1997-02-15,23.6807027,23.029306514791664,0.9232365244129688,-0.27184033920463113
1997-03-01,23.85494236,23.211920873125,0.945721733567033,-0.3027002466920331
1997-03-15,23.97825239,23.391458172291664,0.8799496002193314,-0.2931553825109936
1997-04-01,24.04206244,23.566386963541667,0.22805266918302922,0.2476228072753021
1997-04-15,24.06108055,23.737766030416665,0.17286800002803226,0.1504465195553022
1997-05-01,24.01296244,23.906258544375,-0.8049157067492195,0.911619602374219
1997-05-15,24.03242346,24.07150411770833,-0.9868320042175357,0.9477513465092068
1997-06-01,24.10130158,24.216234369166663,-1.102667102734646,0.9877343135679837
1997-06-15,24.13800695,24.34541243270833,-1.0882267657353135,0.8808212830269855
1997-07-01,24.30301604,24.479355167291665,-0.9106839921666775,0.7343448648750118
1997-07-15,24.42484265,24.613737511666663,-0.9125114513609922,0.7236165896943276
1997-08-01,24.58220186,24.74703845708333,-0.949253329266385,0.7844167321830553
1997-08-15,24.69782472,24.88032300291666,-0.9244084352233128,0.7419101523066514
1997-09-01,24.83416735,25.015543288333333,-0.7356557125608153,0.5542797742274833
1997-09-15,24.8034749,25.152478980625,-0.8553638211824369,0.5063597405574397
1997-10-01,24.92662151,25.288366580208333,-0.3649676984628422,0.0032226282545097518
1997-10-15,25.089983075,25.423750820416664,0.13128619106362108,-0.46505393648028626
1997-11-01,25.25334464,25.558926039791665,0.6273351314481935,-0.9329165312398565
1997-11-15,25.34847869,25.69566197520833,0.6502984930219573,-0.9974817782302883
1997-12-01,25.55479642,25.83702939583333,0.751728605219027,-1.033961581052358
1997-12-15,25.96821066,25.98320654895833,0.9700228548558527,-0.9850187438141809
1998-01-01,26.42640963,26.133569872499997,1.2153150273972515,-0.9224752698972503
1998-01-15,26.60292609,26.286994798125,1.180203987076648,-0.8642726952016484
1998-02-01,26.81151152,26.440301433124997,0.9594672021672312,-0.5882571152922285
1998-02-15,26.87711759,26.591200615625,0.9232365244129688,-0.6373195500379665
1998-03-01,27.14910117,26.740476072708333,0.945721733567033,-0.5370966362753643
1998-03-15,27.25700681,26.892924889166665,0.8799496002193314,-0.515867679385996
1998-04-01,27.2859128,27.052692193749998,0.22805266918302922,0.005167937066971412
1998-04-15,27.31567372,27.220047361666666,0.17286800002803226,-0.07724164169469838
1998-05-01,27.2467798,27.395051574583334,-0.8049157067492195,0.656643932165884
1998-05-15,27.361931,27.588360736874996,-0.9868320042175357,0.7604022673425378
1998-06-01,27.55743023,27.808800967083336,-1.102667102734646,0.8512963656513115
1998-06-15,27.69838165,28.04381308145833,-1.0882267657353135,0.7427953342769835
1998-07-01,27.96008087,28.283023280833334,-0.9106839921666775,0.5877415813333428
1998-07-15,28.13217425,28.523915633125,-0.9125114513609922,0.5207700682359906
1998-08-01,28.23358874,28.760836609166667,-0.949253329266385,0.4220054600997165
1998-08-15,28.2895986,28.988573552916662,-0.9244084352233128,0.22543348230665194
1998-09-01,28.40761541,29.202125041041665,-0.7356557125608153,-0.05885391848085131
1998-09-15,28.54757003,29.40357944708333,-0.8553638211824369,-0.0006455959008947465
1998-10-01,28.851357,29.601592179999997,-0.3649676984628422,-0.3852674815371549
1998-10-15,29.198295645,29.800753972708332,0.13128619106362108,-0.7337445187719512
1998-11-01,29.54523429,29.998306781874998,0.6273351314481935,-1.0804076233231918
1998-11-15,30.33542883,30.191449336875,0.6502984930219573,-0.5063189998969553
1998-12-01,31.14897733,30.380260577708334,0.751728605219027,0.016988147072639737
1998-12-15,31.65461124,30.564089483333333,0.9700228548558527,0.12049890181081513
1999-01-01,32.22209862,30.743450871458332,1.2153150273972515,0.2633327211444132
1999-01-15,32.37007001,30.918698578541665,1.180203987076648,0.27116744438168583
1999-02-01,32.41657445,31.08981934833333,0.9594672021672312,0.36728789949943885
1999-02-15,32.20342796,31.2561686875,0.9232365244129688,0.024022748087029644
1999-03-01,32.07326223,31.419223401458332,0.945721733567033,-0.29168290502536764
1999-03-15,32.00265724,31.579717539166662,0.8799496002193314,-0.4570098993859957
1999-04-01,32.04487355,31.73465891270833,0.22805266918302922,0.08216196810863932
1999-04-15,32.11647902,31.88343794427083,0.17286800002803226,0.0601730757011365
1999-05-01,31.92850934,32.026723543958326,-0.8049157067492195,0.706701502790895
1999-05-15,31.9510441,32.153546286875,-0.9868320042175357,0.7843298173425376
1999-06-01,32.03125669,32.25444470520833,-1.102667102734646,0.8794790875263168
1999-06-15,32.04834266,32.341930201875,-1.0882267657353135,0.7946392238603148
1999-07-01,32.21946649,32.42162357562499,-0.9106839921666775,0.708526906541688
1999-07-15,32.28467857,32.49250332374999,-0.9125114513609922,0.704686697610996
1999-08-01,32.29488137,32.56216298020833,-0.949253329266385,0.6819717190580561
1999-08-15,32.21307425,32.63631287416666,-0.9244084352233128,0.5011698110566483
1999-09-01,32.31076603,32.719061875208325,-0.7356557125608153,0.32735986735249345
1999-09-15,32.34813802,32.808601869166665,-0.8553638211824369,0.3948999720157721
1999-10-01,32.48797494,32.902290307499996,-0.3649676984628422,-0.049347669037152875
1999-10-15,32.70307122,32.99997358583333,0.13128619106362108,-0.4281885568969538
1999-11-01,32.9181675,33.10198669520833,0.6273351314481935,-0.8111543266565228
1999-11-15,33.04998728,33.20823979,0.6502984930219573,-0.8085510030219543
1999-12-01,33.27754296,33.32099422270833,0.751728605219027,-0.7951798679273577
1999-12-15,33.72534945,33.442374180416664,0.9700228548558527,-0.6870475852725135
2000-01-01,33.97664235,33.566156733125,1.2153150273972515,-0.8048294105222511
2000-01-15,34.01775419,33.68679439729166,1.180203987076648,-0.8492441943683136
2000-02-01,34.11255378,33.80792953666666,0.9594672021672312,-0.6548429588338951
2000-02-15,34.06664354,33.94210492541666,0.9232365244129688,-0.7986979098296252
2000-03-01,34.1819987,34.08575760833333,0.945721733567033,-0.8494806419003632
2000-03-15,34.19184048,34.225894865624994,0.8799496002193314,-0.9140039858443223
2000-04-01,34.35273535,34.36716879270833,0.22805266918302922,-0.2424861118913529
2000-04-15,34.49741458,34.51437249864583,0.17286800002803226,-0.18982591867386156
2000-05-01,34.44420303,34.666280987291664,-0.8049157067492195,0.5828377494575526
2000-05-15,34.53549896,34.81877933979167,-0.9868320042175357,0.703551624425866
2000-06-01,34.8590146,34.978650562708324,-1.102667102734646,0.9830311400263234
2000-06-15,35.04682272,35.148592560833336,-1.0882267657353135,0.986456924901979
2000-07-01,35.16254896,35.31247320166666,-0.9106839921666775,0.7607597505000171
2000-07-15,35.13220398,35.462220505625,-0.9125114513609922,0.5824949257359939
2000-08-01,35.26184265,35.58982570958334,-0.949253329266385,0.6212702696830461
2000-08-15,35.68653163,35.698702811874995,-0.9244084352233128,0.9122372533483156
2000-09-01,35.73263743,35.80439424791666,-0.7356557125608153,0.6638988946441505
2000-09-15,35.65285497,35.92044855520833,-0.8553638211824369,0.5877702359741056
2000-10-01,35.96440649,36.041541807291665,-0.3649676984628422,0.2878323811711789
2000-10-15,36.292417555,36.15645119458333,0.13128619106362108,0.00468016935304591
2000-11-01,36.62042862,36.26759403166666,0.6273351314481935,-0.2745005431148563
2000-11-15,36.66764708,36.37751309083333,0.6502984930219573,-0.36016450385528787
2000-12-01,37.33370186,36.48125318479167,0.751728605219027,0.10072006998930216
2000-12-15,37.82640646,36.57174722083333,0.9700228548558527,0.28463638431081795
2001-01-01,37.7418561,36.64131841229167,1.2153150273972515,-0.11477733968891934
2001-01-15,37.44041103,36.70107729208333,1.180203987076648,-0.4408702491599814
2001-02-01,36.81494673,36.766765091458325,0.9594672021672312,-0.9112855636255535
2001-02-15,36.5903515,36.833591320208335,0.9232365244129688,-1.1664763446213064
2001-03-01,36.73147967,36.90604135854167,0.945721733567033,-1.1202834221087055
2001-03-15,37.21296626,36.986019338333335,0.8799496002193314,-0.653002678552665
2001-04-01,37.14408567,37.06740309270833,0.22805266918302922,-0.15137009189135883
2001-04-15,37.22171485,37.14612743708333,0.17286800002803226,-0.09728058711136378
2001-05-01,37.05475894,37.221327368541665,-0.8049157067492195,0.6383472782075535
2001-05-15,37.20105789,37.29008718916666,-0.9868320042175357,0.8978027050508744
2001-06-01,37.17298018,37.341755675416664,-1.102667102734646,0.9338916073179853
2001-06-15,37.07657087,37.36910437416666,-1.0882267657353135,0.7956932615686507
2001-07-01,36.472218,37.4015313175,-0.9106839921666775,-0.018629325333326174
2001-07-15,36.69096117,37.46259684354166,-0.9125114513609922,0.14087577781933258
2001-08-01,36.85609983,37.530275756875,-0.949253329266385,0.27507740239138334
2001-08-15,37.29993343,37.59174241625,-0.9244084352233128,0.632599448973316
2001-09-01,37.59683747,37.653421879791665,-0.7356557125608153,0.6790713027691472
2001-09-15,37.62759796,37.71663821208333,-0.8553638211824369,0.7663235690991078
2001-10-01,37.89608371,37.790089598125,-0.3649676984628422,0.4709618103378412
2001-10-15,38.139508864999996,37.86212203875,0.13128619106362108,0.14610063518637348
2001-11-01,38.38293402,37.932543369375,0.6273351314481935,-0.17694448082319025
2001-11-15,38.20561307,38.010987129374996,0.6502984930219573,-0.45567255239695514
2001-12-01,38.27582321,38.097699210416664,0.751728605219027,-0.5736046056356924
2001-12-15,38.19702265,38.201121613125,0.9700228548558527,-0.9741218179808484
2002-01-01,38.92773319,38.32644773583333,1.2153150273972515,-0.6140295732305803
2002-01-15,39.18567919,38.46566837583333,1.180203987076648,-0.46019317290997774
2002-02-01,38.31826641,38.60284341791667,0.9594672021672312,-1.2440442100838982
2002-02-15,38.03743147,38.730413838333334,0.9232365244129688,-1.6162188927463013
2002-03-01,38.24501395,38.845941856875,0.945721733567033,-1.5466496404420336
2002-03-15,38.73381593,38.95771395979166,0.8799496002193314,-1.103847630010994
2002-04-01,39.14890253,39.07303709145833,0.22805266918302922,-0.15218723064136017
2002-04-15,38.67445514,39.19886986760416,0.17286800002803226,-0.6972827276321925
2002-05-01,38.98224252,39.337204284375,-0.8049157067492195,0.44995394237422126
2002-05-15,39.03887479,39.49340897291666,-0.9868320042175357,0.5322978213008754
2002-06-01,39.49734317,39.666003451875,-1.102667102734646,0.934006820859647
2002-06-15,39.71648321,39.846560248541664,-1.0882267657353135,0.9581497271936494
2002-07-01,39.84795955,40.02002752041666,-0.9106839921666775,0.7386160217500147
2002-07-15,39.99781034,40.170996635625,-0.9125114513609922,0.739325155735991
2002-08-01,40.13365268,40.32566537395833,-0.949253329266385,0.7572406353080523
2002-08-15,40.14576076,40.504345099791664,-0.9244084352233128,0.5658240954316509
2002-09-01,40.29635503,40.69618544875,-0.7356557125608153,0.3358252938108156
2002-09-15,40.29314134,40.887398900624994,-0.8553638211824369,0.2611062605574409
2002-10-01,40.76605065,41.058627645,-0.3649676984628422,0.07239070346283766
2002-10-15,41.30951518,41.22456293270833,0.13128619106362108,-0.04633394377195357
2002-11-01,41.85297971,41.37182137916666,0.6273351314481935,-0.14617680061485527
2002-11-15,42.23339243,41.490150111458334,0.6502984930219573,0.09294382551971081
2002-12-01,42.53257884,41.5960034175,0.751728605219027,0.18484681728097196
2002-12-15,42.60699326,41.68926485,0.9700228548558527,-0.05229444485585044
2003-01-01,42.84419163,41.77940754541666,1.2153150273972515,-0.15053094281391433
2003-01-15,42.51573828,41.86261777020833,1.180203987076648,-0.5270834772849784
2003-02-01,42.41230676,41.93639976208333,0.9594672021672312,-0.48356020425056445
2003-02-15,42.52001796,42.0120299675,0.9232365244129688,-0.4152485319129702
2003-03-01,42.97076421,42.09705439041666,0.945721733567033,-0.07201191398369333
2003-03-15,43.18631136,42.18412688895833,0.8799496002193314,0.12223487082233442
2003-04-01,42.91538683,42.267425349791665,0.22805266918302922,0.4199088110253083
2003-04-15,42.87286465,42.350107168125,0.17286800002803226,0.3498894818469649
2003-05-01,41.85223844,42.43659516229167,-0.8049157067492195,0.2205589844575534
2003-05-15,41.84865802,42.51897127375,-0.9868320042175357,0.3165187504675403
2003-06-01,41.76851863,42.593883402083335,-1.102667102734646,0.27730233065131316
2003-06-15,41.92185651,42.6714003675,-1.0882267657353135,0.33868290823531266
2003-07-01,41.96943563,42.75571777270833,-0.9106839921666775,0.12440184945834709
2003-07-15,41.87042505,42.85559693958333,-0.9125114513609922,-0.07266043822233503
2003-08-01,41.80257358,42.97614188166666,-0.949253329266385,-0.22431497240027776
2003-08-15,42.10708972,43.10588042395833,-0.9244084352233128,-0.07438226873502196
2003-09-01,42.41619837,43.22960376604166,-0.7356557125608153,-0.0777496834808512
2003-09-15,42.35277793,43.33845003104166,-0.8553638211824369,-0.1303082798592209
2003-10-01,42.70474018,43.43947435625,-0.3649676984628422,-0.3697664777871586
2003-10-15,43.339552929999996,43.54698759958333,0.13128619106362108,-0.3387208606469566
2003-11-01,43.97436568,43.66297674124999,0.6273351314481935,-0.3159461926981869
2003-11-15,44.06605981,43.777233008541664,0.6502984930219573,-0.3614716915636227
2003-12-01,44.29569362,43.888549600208336,0.751728605219027,-0.34458458542736115
2003-12-15,44.56469282,43.99896134895833,0.9700228548558527,-0.40429138381418706
2004-01-01,44.93372752,44.110534271041665,1.2153150273972515,-0.3921217784389186
2004-01-15,45.2204024,44.22859536499999,1.180203987076648,-0.1883969520766402
2004-02-01,45.49379986,44.36282891374999,0.9594672021672312,0.17150374408277824
2004-02-15,45.66597489,44.51361359791666,0.9232365244129688,0.2291247676703727
2004-03-01,45.7635277,44.671319975208334,0.945721733567033,0.14648599122463024
2004-03-15,45.61816859,44.83699778708333,0.8799496002193314,-0.09877879730265482
2004-04-01,45.33269721,45.017449575,0.22805266918302922,0.08719496581696942
2004-04-15,45.61618995,45.20751915020833,0.17286800002803226,0.2358027997636396
2004-05-01,44.67639194,45.39802326416667,-0.8049157067492195,0.0832843825825541
2004-05-15,44.50880535,45.594846231666665,-0.9868320042175357,-0.09920887744912632
2004-06-01,44.4515677,45.793632898125,-1.102667102734646,-0.23939809539035295
2004-06-15,44.53857138,45.97264681,-1.0882267657353135,-0.3458486642646865
2004-07-01,44.70822102,46.123859296666666,-0.9106839921666775,-0.5049542844999849
2004-07-15,44.79857217,46.25068142666666,-0.9125114513609922,-0.5395978053056674
2004-08-01,45.3176368,46.35946908208333,-0.949253329266385,-0.09257895281694184
2004-08-15,45.82969134,46.46827155,-0.9244084352233128,0.2858282252233122
2004-09-01,46.26350286,46.58437352770833,-0.7356557125608153,0.41478504485248824
2004-09-15,46.45800841,46.708960133125,-0.8553638211824369,0.6044120980574382
2004-10-01,47.26119552,46.84661321708333,-0.3649676984628422,0.7795500013795129
2004-10-15,47.9064372,46.99889048625,0.13128619106362108,0.7762605226863802
2004-11-01,48.55167888,47.157404944999996,0.6273351314481935,0.7669388035518075
2004-11-15,48.93624905,47.310587362916664,0.6502984930219573,0.9753631940613796
2004-12-01,48.96726437,47.45152736749999,0.751728605219027,0.7640083972809836
2004-12-15,48.48578984,47.58348861708333,0.9700228548558527,-0.06772163193918312
2005-01-01,48.27082986,47.72124443062499,1.2153150273972515,-0.6657295980222444
2005-01-15,47.9707623,47.863076887083324,1.180203987076648,-1.0725185741599748
2005-02-01,47.96524742,47.99239679458333,0.9594672021672312,-0.9866165767505624
2005-02-15,48.41704579,48.101095633125,0.9232365244129688,-0.6072863675379643
2005-03-01,48.58535173,48.19256543770833,0.945721733567033,-0.5529354412753656
2005-03-15,48.77650162,48.27100617,0.8799496002193314,-0.3744541502193335
2005-04-01,48.78171221,48.33138392333333,0.22805266918302922,0.2222756174836459
2005-04-15,49.47648387,48.378170459375,0.17286800002803226,0.9254454105969712
2005-05-01,48.42479204,48.42317303749999,-0.8049157067492195,0.8065347092492267
2005-05-15,48.11316131,48.45820502416666,-0.9868320042175357,0.6417882900508788
2005-06-01,47.61233196,48.49570724458333,-1.102667102734646,0.2192918181513157
2005-06-15,47.7119471,48.56735714166666,-1.0882267657353135,0.23281672406865495
2005-07-01,48.14712435,48.676925545416665,-0.9106839921666775,0.3808827967500107
2005-07-15,48.16762675,48.812067454375,-0.9125114513609922,0.26807074698599176
2005-08-01,48.15593778,48.953594843124996,-0.949253329266385,0.15159626614139077
2005-08-15,48.20893461,49.07680375854166,-0.9244084352233128,0.05653928668165498
2005-09-01,48.27481021,49.176653758958324,-0.7356557125608153,-0.1661878363975101
2005-09-15,48.21185621,49.262994639374995,-0.8553638211824369,-0.1957746081925572
2005-10-01,48.40547988,49.33871018291666,-0.3649676984628422,-0.568262604453813
2005-10-15,49.00790657,49.395772960208326,0.13128619106362108,-0.5191525812719443
2005-11-01,49.61033326,49.43749413145832,0.6273351314481935,-0.4544960029065187
2005-11-15,49.55913003,49.47977126729166,0.6502984930219573,-0.570939730313619
2005-12-01,50.14448997,49.53295408854166,0.751728605219027,-0.14019272376068248
2005-12-15,50.7477593,49.586893135,0.9700228548558527,0.1908433101441489
2006-01-01,51.26814378,49.62966009916666,1.2153150273972515,0.42316865343609456
2006-01-15,51.46026001,49.66965405166666,1.180203987076648,0.6104019712566893
2006-02-01,51.26906437,49.720509030624996,0.9594672021672312,0.5890881372077754
2006-02-15,51.02725678,49.793974201666664,0.9232365244129688,0.3100460539203689
2006-03-01,50.76794076,49.89028338604166,0.945721733567033,-0.0680643596086904
2006-03-15,50.73827485,50.01545098229166,0.8799496002193314,-0.15712573251098894
2006-04-01,50.45428507,50.16504903520833,0.22805266918302922,0.06118336560864149
2006-04-15,50.54292432,50.3108557215625,0.17286800002803226,0.05920059840946812
2006-05-01,49.36096781,50.43878473479165,-0.8049157067492195,-0.2729012180424356
2006-05-15,49.20628806,50.562675423958325,-0.9868320042175357,-0.3695553597407907
2006-06-01,49.07198063,50.68739070229166,-1.102667102734646,-0.5127429695570136
2006-06-15,48.84137266,50.801300063125,-1.0882267657353135,-0.871700637389687
2006-07-01,49.07051307,50.901609696666654,-0.9106839921666775,-0.9204126344999793
2006-07-15,49.16394775,50.992533213125,-0.9125114513609922,-0.9160740117640096
2006-08-01,49.60065577,51.08384041729166,-0.949253329266385,-0.5339313180252732
2006-08-15,50.29054483,51.182614007708324,-0.9244084352233128,0.03233925751499078
2006-09-01,50.81604084,51.290123036874995,-0.7356557125608153,0.26157351568581977
2006-09-15,51.6786702,51.404442237708324,-0.8553638211824369,1.1295917834741123
2006-10-01,52.11937243,51.515786866875,-0.3649676984628422,0.9685532615878438
2006-10-15,52.292734964999994,51.62070042416666,0.13128619106362108,0.5407483497697162
2006-11-01,52.4660975,51.72123092499999,0.6273351314481935,0.11753144355180967
2006-11-15,52.65011887,51.815336521249996,0.6502984930219573,0.18448385572804638
2006-12-01,53.03983449,51.90742844916666,0.751728605219027,0.3806774356143111
2006-12-15,53.3200641,52.005531526041665,0.9700228548558527,0.34450971910248573
2007-01-01,53.51070139,52.10935160333333,1.2153150273972515,0.1860347592694196
2007-01-15,53.58203119,52.21877959,1.180203987076648,0.18304761292335714
2007-02-01,53.53003899,52.327546089375005,0.9594672021672312,0.243025698457765
2007-02-15,53.5074145,52.421467205,0.9232365244129688,0.1627107705870352
2007-03-01,53.44821644,52.511519154374994,0.945721733567033,-0.009024447942024394
2007-03-15,53.54532081,52.59030829604167,0.8799496002193314,0.07506291373899865
2007-04-01,52.99178131,52.651953767916666,0.22805266918302922,0.1117748729003051
2007-04-15,53.04127883,52.720094650625,0.17286800002803226,0.14831617934697028
2007-05-01,51.68807734,52.80247546958333,-0.8049157067492195,-0.309482422834109
2007-05-15,51.39624715,52.891642294791666,-0.9868320042175357,-0.5085631405741294
2007-06-01,51.30243408,52.970609079166664,-1.102667102734646,-0.5655078964320204
2007-06-15,51.3198669,53.045646863749994,-1.0882267657353135,-0.6375531980146794
2007-07-01,51.57538254,53.12698299479166,-0.9106839921666775,-0.6409164626249834
2007-07-15,51.91162164,53.1996470175,-0.9125114513609922,-0.37551392613900636
2007-08-01,52.07377385,53.26430360416666,-0.949253329266385,-0.24127642490027634
2007-08-15,52.3256403,53.334858351875,-0.9244084352233128,-0.08480961665168274
2007-09-01,53.10343894,53.42323478729166,-0.7356557125608153,0.41585986526915
2007-09-15,53.1731509,53.52947681416666,-0.8553638211824369,0.49903790701578343
2007-10-01,53.58387438,53.64591094541666,-0.3649676984628422,0.3029311330461803
2007-10-15,54.098995384999995,53.76478212687499,0.13128619106362108,0.20292706706138305
2007-11-01,54.61411639,53.88604778041666,0.6273351314481935,0.10073347813514533
2007-11-15,54.78210759,54.01882224645833,0.6502984930219573,0.11298685051971757
2007-12-01,54.69825142,54.164254242916655,0.751728605219027,-0.21773142813568402
2007-12-15,55.26346083,54.31177079958333,0.9700228548558527,-0.018332824439181605
2008-01-01,55.47143895,54.45993313270833,1.2153150273972515,-0.20380921010558106
2008-01-15,55.10916672,54.614297725,1.180203987076648,-0.6853349920766507
2008-02-01,55.10641962,54.77333040541666,0.9594672021672312,-0.6263779875838924
2008-02-15,55.31766176,54.934844262916656,0.9232365244129688,-0.5404190273296243
2008-03-01,55.88003808,55.085798357499996,0.945721733567033,-0.15148201106703085
2008-03-15,56.21311646,55.231763188125,0.8799496002193314,0.10140367165566966
2008-04-01,55.91282396,55.39331665562499,0.22805266918302922,0.291454635191975
2008-04-15,55.82605289,55.57456400270833,0.17286800002803226,0.07862088726363914
2008-05-01,54.72405465,55.77330685895833,-0.8049157067492195,-0.2443365022091094
2008-05-15,54.73344421,55.98276646437499,-0.9868320042175357,-0.2624902501574523
2008-06-01,54.94597285,56.203096784791654,-1.102667102734646,-0.15445683205701144
2008-06-15,54.75712285,56.42761378145833,-1.0882267657353135,-0.5822641657230112
2008-07-01,55.24991858,56.640088182083325,-0.9106839921666775,-0.4794856099166481
2008-07-15,55.64658603,56.840980149375,-0.9125114513609922,-0.28188266801400563
2008-08-01,55.97237812,57.03561122291666,-0.949253329266385,-0.11397977365027012
2008-08-15,56.17970119,57.225702079166666,-0.9244084352233128,-0.12159245394335039
2008-09-01,56.49517459,57.407023007499994,-0.7356557125608153,-0.17619270493918104
2008-09-15,56.78772712,57.581528704374996,-0.8553638211824369,0.06156223680744033
2008-10-01,57.7238646,57.759950203749995,-0.3649676984628422,0.3288820947128465
2008-10-15,58.658877825000005,57.944655687708334,0.13128619106362108,0.5829359462280498
2008-11-01,59.59389105,58.13238385375,0.6273351314481935,0.8341720648018104
2008-11-15,59.85639399,58.317464306458334,0.6502984930219573,0.88863119051971
2008-12-01,60.1998204,58.49560969145833,0.751728605219027,0.9524821033226462
2008-12-15,60.53870769,58.674517738333336,0.9700228548558527,0.8941670968108142
2009-01-01,60.39496332,58.84915325729166,1.2153150273972515,0.3304950353110896
2009-01-15,59.82845678,59.007149175416664,1.180203987076648,-0.35889638249330913
2009-02-01,59.72942109,59.152247592916666,0.9594672021672312,-0.3822937050838948
2009-02-15,59.81902139,59.296982341874994,0.9232365244129688,-0.40119747628795954
2009-03-01,60.08208301,59.44784617354166,0.945721733567033,-0.311484897108698
2009-03-15,60.38734498,59.59022341520833,0.8799496002193314,-0.08282803542765782
2009-04-01,60.30282741,59.71189913229166,0.22805266918302922,0.362875608525307
2009-04-15,60.30191267,59.8121605690625,0.17286800002803226,0.31688410090946895
2009-05-01,59.25914684,59.88973068270833,-0.8049157067492195,0.17433186404088652
2009-05-15,59.08221375,59.95353801666666,-0.9868320042175357,0.11550773755087407
2009-06-01,59.14818179,60.00720654895834,-1.102667102734646,0.24364234377631178
2009-06-15,59.14250016,60.050433031666664,-1.0882267657353135,0.18029389406864693
2009-07-01,59.24704618,60.114236071875,-0.9106839921666775,0.04349410029167722
2009-07-15,59.2332625,60.223958188541665,-0.9125114513609922,-0.07818423718067113
2009-08-01,59.35042569,60.361460446875,-0.949253329266385,-0.061781427608613715
2009-08-15,59.74892157,60.51423177625,-0.9244084352233128,0.15909822897331316
2009-09-01,60.16741813,60.68977725333333,-0.7356557125608153,0.2132965892274844
2009-09-15,59.94959118,60.872322392499996,-0.8553638211824369,-0.06736739131755998
2009-10-01,60.40243496,61.035034169791665,-0.3649676984628422,-0.26763151132882174
2009-10-15,60.79285643,61.17016766916666,0.13128619106362108,-0.5085974302302797
2009-11-01,61.1832779,61.27699188125,0.6273351314481935,-0.7210491126981914
2009-11-15,61.32975917,61.36960726479167,0.6502984930219573,-0.6901465878136226
2009-12-01,61.30254477,61.45786768166666,0.751728605219027,-0.9070515168856926
2009-12-15,61.51085449,61.53641535062499,0.9700228548558527,-0.9955837154808449
2010-01-01,62.48536245,61.61033806479166,1.2153150273972515,-0.34029064218891714
2010-01-15,63.00471925,61.691225341666666,1.180203987076648,0.13328992125668693
2010-02-01,63.15326702,61.781610635625,0.9594672021672312,0.4121891822077697
2010-02-15,63.72819927,61.87201988333334,0.9232365244129688,0.9329428622536917
2010-03-01,64.59908803,61.959391850416665,0.945721733567033,1.693974446016306
2010-03-15,64.63250664,62.05592320520833,0.8799496002193314,1.6966338345723408
2010-04-01,63.86783106,62.17446510333333,0.22805266918302922,1.4653132874836385
2010-04-15,63.22331699,62.31427625104167,0.17286800002803226,0.7361727389302997
2010-05-01,61.4653047,62.4718977725,-0.8049157067492195,-0.20167736575078343
2010-05-15,61.3215943,62.64053890833333,-0.9868320042175357,-0.3321126041157966
2010-06-01,61.14530125,62.80969624083333,-1.102667102734646,-0.5617278880986838
2010-06-15,60.91566881,62.990992196458336,-1.0882267657353135,-0.987096620723023
2010-07-01,61.02216781,63.16658184729167,-0.9106839921666775,-1.2337300451249904
2010-07-15,61.34073016,63.30760040354166,-0.9125114513609922,-1.0543587921806712
2010-08-01,61.58145214,63.43245319375,-0.949253329266385,-0.9017477244836116
2010-08-15,61.85753901,63.55231822374999,-0.9244084352233128,-0.770370778526676
2010-09-01,62.25265511,63.6420634225,-0.7356557125608153,-0.653752599939187
2010-09-15,62.49785923,63.70842509083333,-0.8553638211824369,-0.35520203965089026
2010-10-01,63.54417802,63.785749232499995,-0.3649676984628422,0.12339648596284375
2010-10-15,64.36204846,63.888915319375,0.13128619106362108,0.34184694956137396
2010-11-01,65.1799189,63.998287018750005,0.6273351314481935,0.5542967498018051
2010-11-15,65.42789269,64.08654034187501,0.6502984930219573,0.6910538551030281
2010-12-01,65.32396321,64.16370552749999,0.751728605219027,0.4085290772809901
2010-12-15,66.19164192,64.24867506270833,0.9700228548558527,0.9729440024358127
2011-01-01,66.23287826,64.35277493749999,1.2153150273972515,0.6647882951027682
2011-01-15,66.02609414,64.46769494770834,1.180203987076648,0.3781952052150115
2011-02-01,66.12482606,64.579559349375,0.9594672021672312,0.5857995084577692
2011-02-15,66.51016167,64.67976193666667,0.9232365244129688,0.9071632089203683
2011-03-01,66.12489517,64.76663622458332,0.945721733567033,0.4125372118496463
2011-03-15,66.29205958,64.84413043041667,0.8799496002193314,0.5679795493639994
2011-04-01,65.91983692,64.92331130208333,0.22805266918302922,0.7684729487336309
2011-04-15,66.1232833,65.014663930625,0.17286800002803226,0.9357513693469597
2011-05-01,63.81517996,65.11951903791666,-0.8049157067492195,-0.49942337116743907
2011-05-15,63.20787855,65.23198599583333,-0.9868320042175357,-1.0372754416157943
2011-06-01,62.96294591,65.36211321625,-1.102667102734646,-1.2965002035153468
2011-06-15,63.17656184,65.5084560925,-1.0882267657353135,-1.2436674867646862
2011-07-01,63.75806877,65.66369742895833,-0.9106839921666775,-0.9949446667916505
2011-07-15,64.12098969,65.83936197625,-0.9125114513609922,-0.8058608348890097
2011-08-01,64.17068389,66.0159150775,-0.949253329266385,-0.8959778582336058
2011-08-15,64.07803145,66.16874561875,-0.9244084352233128,-1.1663057335266844
2011-09-01,64.20212849,66.31114478541666,-0.7356557125608153,-1.3733605828558364
2011-09-15,64.26810773,66.45247734729166,-0.8553638211824369,-1.3290057961092283
2011-10-01,65.57461136,66.57005268625,-0.3649676984628422,-0.6304736277871461
2011-10-15,66.71654129000001,66.66593804645834,0.13128619106362108,-0.0806829475219483
2011-11-01,67.85847122,66.77134316770834,0.6273351314481935,0.4597929208434671
2011-11-15,68.14775435,66.9075966075,0.6502984930219573,0.5898592494780455
2011-12-01,68.85020813,67.07803282958334,0.751728605219027,1.020446695197636
2011-12-15,69.68985506,67.26886256333333,0.9700228548558527,1.4509696418108178
2012-01-01,70.18624927,67.46724299958333,1.2153150273972515,1.5036912430194191
2012-01-15,70.5046214,67.66159815958333,1.180203987076648,1.6628192533400221
2012-02-01,70.12084766,67.849630141875,0.9594672021672312,1.3117503159577677
2012-02-15,69.85000605,68.05211082041667,0.9232365244129688,0.8746587051703636
2012-03-01,69.62021079,68.27638610395834,0.945721733567033,0.3981029524746239
2012-03-15,69.58070693,68.51225968375,0.8799496002193314,0.1884976460306711
2012-04-01,68.27480584,68.74536453145834,0.22805266918302922,-0.6986113606413656
2012-04-15,68.37081167,68.965905396875,0.17286800002803226,-0.767961726903039
2012-05-01,66.62709741,69.17545681895834,-0.8049157067492195,-1.743443702209114
2012-05-15,66.93612621,69.37645081041666,-0.9868320042175357,-1.4534925961991232
2012-06-01,67.41563691,69.56466148770832,-1.102667102734646,-1.0463574749736715
2012-06-15,67.88369806,69.7303942725,-1.0882267657353135,-0.7584694467646931
2012-07-01,68.57319349,69.87427511375,-0.9106839921666775,-0.3903976315833305
2012-07-15,68.63491265,70.00535101854166,-0.9125114513609922,-0.4579269171806637
2012-08-01,68.68229608,70.14409564666667,-0.949253329266385,-0.5125462374002852
2012-08-15,69.28549183,70.30373216958333,-0.9244084352233128,-0.0938319043600162
2012-09-01,69.75988172,70.49865340208333,-0.7356557125608153,-0.003115969522523687
2012-09-15,70.03228633,70.73909887541666,-0.8553638211824369,0.14855127576578353
2012-10-01,70.99946545,71.01769967645834,-0.3649676984628422,0.3467334720045096
2012-10-15,71.87764874,71.31150388979167,0.13128619106362108,0.43485865914471067
2012-11-01,72.75583203,71.60820757583332,0.6273351314481935,0.5202893227184809
2012-11-15,72.89810513,71.90195185770833,0.6502984930219573,0.3458547792697213
2012-12-01,73.13396986,72.16994261291666,0.751728605219027,0.2122986418643097
2012-12-15,73.361267,72.406376864375,0.9700228548558527,-0.015132719230859903
2013-01-01,73.42111771,72.61180043229166,1.2153150273972515,-0.40599774968890623
2013-01-15,73.56139639,72.80059600666667,1.180203987076648,-0.4194036037433153
2013-02-01,73.72381482,72.99985234770833,0.9594672021672312,-0.23550472987555682
2013-02-15,73.90959199,73.20134298270833,0.9232365244129688,-0.21498751712129893
2013-03-01,74.91684401,73.39127125395834,0.945721733567033,0.5798510224746357
2013-03-15,75.82545643,73.57169527375001,0.8799496002193314,1.3738115560306619
2013-04-01,75.40289479,73.74516016625,0.22805266918302922,1.4296819545669732
2013-04-15,75.34532496,73.92816604104166,0.17286800002803226,1.2442909189303035
2013-05-01,73.89436105,74.13087810041667,-0.8049157067492195,0.5683986563325539
2013-05-15,73.7685881,74.34380644791666,-0.9868320042175357,0.4116136563008753
2013-06-01,73.44673127,74.563764476875,-1.102667102734646,-0.014366104140346891
2013-06-15,73.20144777,74.80311335916666,-1.0882267657353135,-0.5134388234313438
2013-07-01,73.11577504,75.06431823729167,-0.9106839921666775,-1.0378592051249926
2013-07-15,73.15451867,75.32712213645831,-0.9125114513609922,-1.2600920150973203
2013-08-01,73.72699443,75.58106134249999,-0.949253329266385,-0.9048135832336031
2013-08-15,73.91234396,75.83580409145833,-0.9244084352233128,-0.9990516962350144
2013-09-01,74.24958661,76.07799894645834,-0.7356557125608153,-1.092756623897527
2013-09-15,74.20293439,76.283244000625,-0.8553638211824369,-1.2249457894425713
2013-10-01,75.15513223,76.44851635541667,-0.3649676984628422,-0.9284164269538229
2013-10-15,76.50626395,76.597618255625,0.13128619106362108,-0.22264049668861033
2013-11-01,77.85739567,76.75022799979166,0.6273351314481935,0.4798325387601473
2013-11-15,78.01710217,76.90977651875,0.6502984930219573,0.45702715822805073
2013-12-01,78.57295821,77.0804995125,0.751728605219027,0.7407300922809713
2013-12-15,79.411025,77.26264041791666,0.9700228548558527,1.1783617272274853
2014-01-01,79.90919386,77.45800839666666,1.2153150273972515,1.2358704359360941
2014-01-15,79.6879074,77.66605223020832,1.180203987076648,0.8416511827150299
2014-02-01,79.7863857,77.87216652041667,0.9594672021672312,0.9547519774160957
2014-02-15,80.07467306,78.078808409375,0.9232365244129688,1.072628126212026
2014-03-01,80.37711598,78.29539434583333,0.945721733567033,1.1359999005996362
2014-03-15,80.21694706,78.515350224375,0.8799496002193314,0.8216472354056656
2014-04-01,78.94447719,78.74441715,0.22805266918302922,-0.02799262918303244
2014-04-15,78.96063377,78.97768964125,0.17286800002803226,-0.18992387127802624
2014-05-01,77.60431996,79.202235475,-0.8049157067492195,-0.7929998082507773
2014-05-15,77.7169581,79.42228852041666,-0.9868320042175357,-0.7184984161991222
2014-06-01,77.69306497,79.64870559687499,-1.102667102734646,-0.8529735241403493
2014-06-15,77.69787753,79.86919540708332,-1.0882267657353135,-1.0830911113480117
2014-07-01,77.99700826,80.05853006270833,-0.9106839921666775,-1.15083781054165
2014-07-15,78.25938946,80.23602747458332,-0.9125114513609922,-1.0641265632223373
2014-08-01,78.51560957,80.41093618270833,-0.949253329266385,-0.9460732834419461
2014-08-15,79.04253949,80.57359434125,-0.9244084352233128,-0.606646416026692
2014-09-01,79.51551603,80.73203912104167,-0.7356557125608153,-0.48086737848085004
2014-09-15,79.49488714,80.90910855729167,-0.8553638211824369,-0.558857596109234
2014-10-01,80.85839191,81.09922607916666,-0.3649676984628422,0.12413352929618154
2014-10-15,82.00008385,81.27895302979167,0.13128619106362108,0.5898446291447091
2014-11-01,83.14177579,81.44416632520833,0.6273351314481935,1.0702743333434745
2014-11-15,83.29526823,81.59441211020834,0.6502984930219573,1.050557626769709
2014-12-01,84.16281182,81.74394412645833,0.751728605219027,1.667139088322644
2014-12-15,84.40468228,81.89395029145832,0.9700228548558527,1.5407091336858258
2015-01-01,84.00360005,82.036438578125,1.2153150273972515,0.7518464444777506
2015-01-15,84.11337698,82.17069356374999,1.180203987076648,0.7624794291733576
2015-02-01,83.75653411,82.29786579791666,0.9594672021672312,0.49920110991611577
2015-02-15,83.91211626,82.41316331083333,0.9232365244129688,0.5757164247537099
2015-03-01,84.14502221,82.51856755541667,0.945721733567033,0.6807329210162939
2015-03-15,84.94837377,82.61675405374999,0.8799496002193314,1.451670116030686
2015-04-01,83.33869153,82.70553721104167,0.22805266918302922,0.4051016497753036
2015-04-15,83.19331306,82.78671272593749,0.17286800002803226,0.2337323340344708
2015-05-01,81.30187885,82.86055339479167,-0.8049157067492195,-0.7537588380424517
2015-05-15,81.23119689,82.92445921729166,-0.9868320042175357,-0.706430323074113
2015-06-01,81.35636296,82.96777812812499,-1.102667102734646,-0.5087480653903462
2015-06-15,81.23487546,83.01259780729167,-1.0882267657353135,-0.6894955815563582
2015-07-01,81.29944809,83.0792640375,-0.9106839921666775,-0.8691319553333202
2015-07-15,81.40118894,83.16760414333334,-0.9125114513609922,-0.8539037519723458
2015-08-01,81.47807733,83.28742298645832,-0.949253329266385,-0.8600923271919343
2015-08-15,81.61435235,83.40946553395833,-0.9244084352233128,-0.8707047487350084
2015-09-01,82.00310691,83.50360433770834,-0.7356557125608153,-0.7648417151475239
2015-09-15,81.72024818,83.57816366166666,-0.8553638211824369,-1.002551660484229
2015-10-01,82.89462242,83.64772712916665,-0.3649676984628422,-0.3881370107038072
2015-10-15,83.86027805500001,83.70530468020834,0.13128619106362108,0.023687183728045097
2015-11-01,84.82593369,83.75031915229167,0.6273351314481935,0.4482794062601393
2015-11-15,84.67858981,83.80272742833333,0.6502984930219573,0.2255638886447211
2015-12-01,84.85879796,83.85290070104166,0.751728605219027,0.25416865373931496
2015-12-15,85.86004074,83.89204392229166,0.9700228548558527,0.9979739628524869
2016-01-01,85.74822064,83.94251368979167,1.2153150273972515,0.5903919228110808
2016-01-15,86.60908147,83.99831114583334,1.180203987076648,1.4305663370900175
2016-02-01,87.01213409,84.060935671875,0.9594672021672312,1.9917312159577716
2016-02-15,86.51455856,84.12847065333332,0.9232365244129688,1.4628513822537053
2016-03-01,86.06124249,84.19798864458333,0.945721733567033,0.9175321118496319
2016-03-15,86.61100104,84.28846712979166,0.8799496002193314,1.442584309989018
2016-04-01,85.0151107,84.391370635625,0.22805266918302922,0.39568739519197005
2016-04-15,84.28061634,84.49850180791665,0.17286800002803226,-0.39075346794469135
2016-05-01,82.37527023,84.60913946979167,-0.8049157067492195,-1.4289535330424536
2016-05-15,82.67340276,84.72713868979167,-0.9868320042175357,-1.066903925574135
2016-06-01,82.32247418,84.85168014020833,-1.102667102734646,-1.426538857473684
2016-06-15,82.14763886,84.96287230625,-1.0882267657353135,-1.7270066805146915
2016-07-01,82.80923353,85.154518741875,-0.9106839921666775,-1.434601219708317
2016-07-15,82.56968139,85.420207020625,-0.9125114513609922,-1.9380141792640082
2016-08-01,83.31556213,85.65594316416667,-0.949253329266385,-1.3911277049002835
2016-08-15,83.01854666,85.89847815520832,-0.9244084352233128,-1.9555230599850122
2016-09-01,83.93577618,86.17551303895834,-0.7356557125608153,-1.5040811463975228
2016-09-15,84.1305462,86.46415993854166,-0.8553638211824369,-1.478249917359221
2016-10-01,85.42369268,86.75241367729166,-0.3649676984628422,-0.963753298828812
2016-10-15,86.473504065,87.07865526,0.13128619106362108,-0.7364373860636259
2016-11-01,87.52331545,87.44140922291666,0.6273351314481935,-0.5454289043648565
2016-11-15,87.64517061,87.80601381874999,0.6502984930219573,-0.8111417017719522
2016-12-01,87.87020678,88.17658283791665,0.751728605219027,-1.058104663135678
2016-12-15,88.18585589,88.55664973895833,0.9700228548558527,-1.3408167038141812
2017-01-01,92.6214344,88.93070933833332,1.2153150273972515,2.4754100342694314
2017-01-15,92.48890509,89.31906517541665,1.180203987076648,1.989635927506701
2017-02-01,92.44764536,89.72494161979166,0.9594672021672312,1.7632365380411
2017-02-15,92.72072686,90.14023271083333,0.9232365244129688,1.6572576247536994
2017-03-01,93.15274861,90.55935565458333,0.945721733567033,1.647671221849642
2017-03-15,93.3745461,90.95429074937499,0.8799496002193314,1.5403057504056812
2017-04-01,92.0877451,91.34294581729166,0.22805266918302922,0.5167466135253133
2017-04-15,92.86757791,91.75049210291667,0.17286800002803226,0.9442178070552953
2017-05-01,91.20049888,92.17757701979167,-0.8049157067492195,-0.1721624330424526
2017-05-15,91.34919471,92.614513198125,-0.9868320042175357,-0.27848648390745423
2017-06-01,91.43399515,93.05632608166665,-1.102667102734646,-0.519663828932007
2017-06-15,91.27932914,93.51924830020832,-1.0882267657353135,-1.1516923944730029
2017-07-01,91.63240402,93.91508267020832,-0.9106839921666775,-1.3719946580416478
2017-07-15,92.38759108,94.24055390791666,-0.9125114513609922,-0.9404513765556637
2017-08-01,92.97972177,94.57871792770834,-0.949253329266385,-0.6497428284419571
2017-08-15,93.28835939,94.90628190020834,-0.9244084352233128,-0.6935140749850321
2017-09-01,93.78386475,95.22428478416667,-0.7356557125608153,-0.7047643216058485
2017-09-15,93.23934218,95.53621631104167,-0.8553638211824369,-1.4415103098592392
2017-10-01,94.97033996,95.83603491520833,-0.3649676984628422,-0.5007272567454839
2017-10-15,96.489078495,96.10851052166666,0.13128619106362108,0.24928178226972095
2017-11-01,98.00781703,96.36268805604166,0.6273351314481935,1.0177938425101423
2017-11-15,98.13360559,96.62844768624998,0.6502984930219573,0.8548594107280603
2017-12-01,98.58879021,96.90638466145833,0.751728605219027,0.9306769433226395
2017-12-15,99.68753895,97.202977000625,0.9700228548558527,1.5145390945191537
2018-01-01,100.1198011,97.52118773333333,1.2153150273972515,1.3832983392694174
2018-01-15,100.6131578,97.84251199604167,1.180203987076648,1.590441816881683
2018-02-01,100.5552656,98.16532691375,0.9594672021672312,1.430471484082774
2018-02-15,100.3361773,98.50690055416666,0.9232365244129688,0.9060402214203713
2018-03-01,100.8014366,98.858176945,0.945721733567033,0.9975379214329726
2018-03-15,100.6985714,99.21470597145833,0.8799496002193314,0.6039158283223451
2018-04-01,99.1550128,99.56713316854166,0.22805266918302922,-0.6401730377246938
2018-04-15,98.87913932,99.8980197278125,0.17286800002803226,-1.1917484078405354
2018-05-01,97.38945912,100.21138346062499,-0.8049157067492195,-2.0170086338757693
2018-05-15,97.91669672,100.54125726854166,-0.9868320042175357,-1.637728544324116
2018-06-01,98.20746795,100.90850963104165,-1.102667102734646,-1.5983745783070127
2018-06-15,98.74228862,101.25543131729165,-1.0882267657353135,-1.4249159315563422
2018-07-01,99.44355971,101.565194135,-0.9106839921666775,-1.210950432833319
2018-07-15,100.0,101.84989103291666,-0.9125114513609922,-0.9373795815556669
2018-08-01,100.8624289,102.08989557874999,-0.949253329266385,-0.2782133494836061
2018-08-15,101.801187,102.30974422041666,-0.9244084352233128,0.41585121480665044
2018-09-01,102.1323039,102.53494368499999,-0.7356557125608153,0.3330159275608243
2018-09-15,102.0042963,102.76442435166666,-0.8553638211824369,0.09523576951576784
2018-10-01,103.1218913,102.99992355791666,-0.3649676984628422,0.48693544054618426
2018-10-15,104.22008199999999,103.25085150541665,0.13128619106362108,0.8379443035197217
2018-11-01,105.3182727,103.51273224833332,0.6273351314481935,1.178205320218479
2018-11-15,106.6570927,103.74790877041666,0.6502984930219573,2.258885436561392
2018-12-01,107.6934165,103.941714735625,0.751728605219027,2.9999731591559726
2018-12-15,107.2351536,104.11354941333332,0.9700228548558527,2.151581331810834
2019-01-01,107.4408017,104.27781849604166,1.2153150273972515,1.947668176561082
2019-01-15,106.9576083,104.42924558333333,1.180203987076648,1.3481587295900295
2019-02-01,105.7310333,104.53742247291666,0.9594672021672312,0.23414362491611596
2019-02-15,105.7131444,104.59157885625,0.9232365244129688,0.19832901933704017
2019-03-01,106.2340438,104.61984227083332,0.945721733567033,0.668479795599645
2019-03-15,106.2810362,104.64986334583332,0.8799496002193314,0.7512232539473467
2019-04-01,104.8765099,104.68898770416666,0.22805266918302922,-0.040530473349690815
2019-04-15,105.2021837,104.73667529687499,0.17286800002803226,0.2926404030969818
2019-05-01,103.6366904,104.79503960833333,-0.8049157067492195,-0.35343350158410025
2019-05-15,102.9579385,104.83818934791667,-0.9868320042175357,-0.8934188436991347
2019-06-01,102.4689125,104.84607084999999,-1.102667102734646,-1.2744912472653418
2019-06-15,102.7289086,104.87241681666666,-1.0882267657353135,-1.0552814509313468
2019-07-01,103.3418557,104.93801817083332,-0.9106839921666775,-0.6854784786666429
2019-07-15,103.3702042,105.01869532708332,-0.9125114513609922,-0.7359796757223258
2019-08-01,102.6847154,105.13030281041667,-0.949253329266385,-1.496334081150279
2019-08-15,102.5784069,105.29830568125,-0.9244084352233128,-1.7954903460266822
2019-09-01,102.7117279,105.48890153125,-0.7356557125608153,-2.0415179186891788
2019-09-15,102.8658839,105.58594062499999,-0.8553638211824369,-1.8646929038175553
2019-10-01,104.1382729,105.551446325,-0.3649676984628422,-1.0482057265371543
2019-10-15,105.49270485,105.46547953958333,0.13128619106362108,-0.1040608806469531
2019-11-01,106.8471368,105.42045163124999,0.6273351314481935,0.7993500373018186
2019-11-15,107.1994161,105.43553236041666,0.6502984930219573,1.1135852465613776
2019-12-01,107.5294052,105.48671167500001,0.751728605219027,1.2909649197809632
2019-12-15,108.6637713,105.57909533124999,0.9700228548558527,2.1146531138941524
2020-01-01,109.161049,105.69663320208332,1.2153150273972515,2.249100770519435
2020-01-15,109.1098645,105.82225797708332,1.180203987076648,2.1074025358400275
2020-02-01,108.9359363,105.97738391041666,0.9594672021672312,1.9990851874161006
2020-02-15,110.5723792,106.16131316041665,0.9232365244129688,3.4878295151703775
2020-03-01,110.5234098,106.35079095208332,0.945721733567033,3.2268971143496477
2020-03-15,106.6495467,106.52641287916666,0.8799496002193314,-0.756815779385986
2020-04-01,102.852273,106.70112555416665,0.22805266918302922,-4.076905223349684
2020-04-15,103.1000149,106.87204479166665,0.17286800002803226,-3.94489789169468
2020-05-01,103.5775196,107.00816041249999,-0.8049157067492195,-2.6257251057507682
2020-05-15,103.7409843,107.11202266875,-0.9868320042175357,-2.384206364532471
2020-06-01,104.1424738,107.18890509791666,-1.102667102734646,-1.943764195182009
2020-06-15,105.4897628,107.242238425,-1.0882267657353135,-0.6642488592646889
2020-07-01,106.2228193,107.30509959583333,-0.9106839921666775,-0.1715963036666509
2020-07-15,106.5192298,107.42471245208333,-0.9125114513609922,0.007028799277670528
2020-08-01,106.9817346,107.58976042291667,-0.949253329266385,0.3412275063497119
2020-08-15,107.1099917,107.74683236875,-0.9244084352233128,0.2875677664733016
2020-09-01,107.2750771,107.91294768958332,-0.7356557125608153,0.0977851229775003
2020-09-15,106.7323872,108.19859878541666,-0.8553638211824369,-0.6108477642342217
2020-10-01,108.657978,108.64940443749998,-0.3649676984628422,0.3735412609628605
2020-10-15,109.17712315,109.17872813333332,0.13128619106362108,-0.13289117439694378
2020-11-01,109.6962683,109.68019494583334,0.6273351314481935,-0.6112617772815291
2020-11-15,109.3356729,110.14497698125,0.6502984930219573,-1.459602574271948
2020-12-01,109.083505,110.6062001375,0.751728605219027,-2.274423742719021
2020-12-15,109.6696712,111.04280078958331,0.9700228548558527,-2.343152444439167
2021-01-01,111.1724853,111.4536615375,1.2153150273972515,-1.496491264897243
2021-01-15,112.8398453,111.87001012083333,1.180203987076648,-0.2103688079099828
2021-02-01,113.1282581,112.26196195624999,0.9594672021672312,-0.0931710584172254
2021-02-15,113.9195108,112.62500754166666,0.9232365244129688,0.371266733920367
2021-03-01,115.1498136,113.00599981458333,0.945721733567033,1.1980920518496352
2021-03-15,115.7343955,113.42377976666666,0.8799496002193314,1.4306661331140185
2021-04-01,115.4060955,113.85212228333333,0.22805266918302922,1.3259205474836475
2021-04-15,115.9537298,114.29830021458334,0.17286800002803226,1.4825615853886374
2021-05-01,114.7942117,114.80285478333333,-0.8049157067492195,0.7962726234158942
2021-05-15,114.8338299,115.37832998333333,-0.9868320042175357,0.44233192088420326
2021-06-01,115.1883397,115.96731176249999,-1.102667102734646,0.3236950402346572
2021-06-15,115.4007282,116.50213854791666,-1.0882267657353135,-0.013183582181341524
2021-07-01,116.0331698,116.99307044791666,-0.9106839921666775,-0.049216655749991456
2021-07-15,116.6936113,117.44494476041666,-0.9125114513609922,0.16117799094433205
2021-08-01,115.6210412,117.88029441875,-0.949253329266385,-1.3099998894836191
2021-08-15,115.8968732,118.32196984166666,-0.9244084352233128,-1.5006882064433429
2021-09-01,116.7758247,118.76201405416666,-0.7356557125608153,-1.2505336416058395
2021-09-15,117.2850773,119.21653510208333,-0.8553638211824369,-1.0760939809008927
2021-10-01,118.6657287,119.67817598541666,-0.3649676984628422,-0.6474795869538132
2021-10-15,120.58591315000001,120.1153538,0.13128619106362108,0.3392731589363952
2021-11-01,122.5060976,120.53273760624998,0.6273351314481935,1.3460248623018294
2021-11-15,124.1486532,120.95211787708332,0.6502984930219573,2.5462368298947164
2021-12-01,122.5416501,121.38489846041665,0.751728605219027,0.40502303436432097
2021-12-15,121.8832118,121.83975719791667,0.9700228548558527,-0.9265682527725232
2022-01-01,122.5236759,122.31621177083332,1.2153150273972515,-1.0078508982305707
2022-01-15,123.1786217,122.78386596458333,1.180203987076648,-0.7854482516599819
2022-02-01,123.6862653,123.26601257083333,0.9594672021672312,-0.5392144730005544
2022-02-15,124.5619239,123.77954941458333,0.9232365244129688,-0.14086203899630112
2022-03-01,125.6295227,124.28661886875,0.945721733567033,0.3971820976829653
2022-03-15,127.0716967,124.77238840416666,0.8799496002193314,1.4193586956140103
2022-04-01,126.2275567,125.23063475,0.22805266918302922,0.7688692808169716
2022-04-15,126.1168037,125.64680665937499,0.17286800002803226,0.2971290405969851
2022-05-01,124.6655605,126.01071806249999,-0.8049157067492195,-0.5402418557507723
2022-05-15,125.0927341,126.30526056458332,-0.9868320042175357,-0.2256944603657841
2022-06-01,125.7029035,126.58619819583333,-1.102667102734646,0.21937240690131787
2022-06-15,126.7193838,126.90546262083333,-1.0882267657353135,0.9021479449019831
2022-07-01,127.5843337,127.23377407083333,-0.9106839921666775,1.261243621333345
2022-07-15,127.5898487,127.55731399791665,-0.9125114513609922,0.9450461534443455
2022-08-01,127.8678409,127.86930929166667,-0.949253329266385,0.9477849375997223
2022-08-15,128.299842,128.1614955375,-0.9244084352233128,1.062754897723323
2022-09-01,128.7121897,128.40958646458333,-0.7356557125608153,1.0382589479774982
2022-09-15,128.66565,128.5816525520833,-0.8553638211824369,0.9393612690991239
2022-10-01,129.2809806,128.6930161375,-0.3649676984628422,0.9529321609628392
2022-10-15,129.9469129,128.8045443625,0.13128619106362108,1.0110823464363836
2022-11-01,130.6128452,128.91213183541666,0.6273351314481935,1.073378233135157
2022-11-15,130.1799457,128.97650975416664,0.6502984930219573,0.553137452811391
2022-12-01,129.9953639,128.99764400208332,0.751728605219027,0.24599129269765452
2022-12-15,129.7541904,128.97893334375,0.9700228548558527,-0.1947657986058402
2023-01-01,130.4116469,128.93352574583332,1.2153150273972515,0.2628061267694206
2023-01-15,130.8205672,128.89797540625,1.180203987076648,0.7423878066733534
2023-02-01,131.0200939,128.89187773333333,0.9594672021672312,1.168748964499444
2023-02-15,131.2530351,128.91177104166667,0.9232365244129688,1.4180275339203683
2023-03-01,130.846776,128.941034425,0.945721733567033,0.9600198414329745
2023-03-15,130.1136156,128.97312389375,0.8799496002193314,0.26054210603067185
2023-04-01,128.5310899,129.00527008541667,0.22805266918302922,-0.702232854599686
2023-04-15,129.1666253,129.04389719270836,0.17286800002803226,-0.05013989273639674
2023-05-01,126.7799376,129.10782500624998,-0.8049157067492195,-1.5229716995007658
2023-05-15,126.0684971,129.18532313541667,-0.9868320042175357,-2.129994031199129
2023-06-01,125.7415844,129.28641059583333,-1.102667102734646,-2.4421590930986916
2023-06-15,125.7825913,129.46970033333332,-1.0882267657353135,-2.598882267598001
2023-07-01,126.3415615,129.73338252916668,-0.9106839921666775,-2.4811370370000008
2023-07-15,127.1262046,130.01863261041666,-0.9125114513609922,-1.9799165590556733
2023-08-01,128.0387967,130.26875232708332,-0.949253329266385,-1.2807022978169287
2023-08-15,129.083765,130.46949310833332,-0.9244084352233128,-0.461319673110012
2023-09-01,129.3329091,130.66765324791666,-0.7356557125608153,-0.5990884353558509
2023-09-15,129.5852251,130.88674352916667,-0.8553638211824369,-0.4461546079842259
2023-10-01,129.9044227,131.1453066875,-0.3649676984628422,-0.8759162890371703
2023-10-15,131.17757195000002,131.44257887291667,0.13128619106362108,-0.3962931139802758
2023-11-01,132.4507212,131.76151790625,0.6273351314481935,0.06186816230181835
2023-11-15,132.0619799,132.08744230416664,0.6502984930219573,-0.6757608971885891
2023-12-01,132.9655278,132.42409712291666,0.751728605219027,-0.21029792813570058
2023-12-15,135.5819339,132.82619625416663,0.9700228548558527,1.7857147909775108
2024-01-01,137.2406488,133.33187166041665,1.2153150273972515,2.6934621121860984
2024-01-15,137.6835692,133.87903927916665,1.180203987076648,2.624325933756698
2024-02-01,136.1628383,134.38085520416666,0.9594672021672312,0.8225158936661086
2024-02-15,135.7458482,134.81105272916665,0.9232365244129688,0.011558946420395788
2024-03-01,135.8656496,135.1879159833333,0.945721733567033,-0.2679881169003332
2024-03-15,135.6110755,135.5387549708333,0.8799496002193314,-0.8076290710526428
2024-04-01,135.4446616,135.90225957708333,0.22805266918302922,-0.6856506462663677
2024-04-15,136.5221185,136.29868676666666,0.17286800002803226,0.050563733305309944
2024-05-01,134.733518,136.71202456875,-0.8049157067492195,-1.173590862000773
2024-05-15,133.7592878,137.13082719583332,-0.9868320042175357,-2.3847073916157737
2024-06-01,134.210225,137.53255749166667,-1.102667102734646,-2.219665388932011
2024-06-15,136.614709,137.86520234166667,-1.0882267657353135,-0.1622665759313553
2024-07-01,139.7818633,138.10700388333333,-0.9106839921666775,2.585543408833341
2024-07-15,139.9499485,138.29857438333332,-0.9125114513609922,2.56388556802768
2024-08-01,139.3022172,138.49995791041664,-0.949253329266385,1.751512618849746
2024-08-15,138.4698257,138.73100366875,-0.9244084352233128,0.6632304664733224
2024-09-01,138.0362846,138.95933992916665,-0.7356557125608153,-0.1873996166058428
2024-09-15,137.722121,139.19474471666666,-0.8553638211824369,-0.617259895484238
2024-10-01,139.2157479,139.43151369791667,-0.3649676984628422,0.14920190054616794
2024-10-15,140.89475184999998,139.64436806458332,0.13128619106362108,1.119097594353038
2024-11-01,142.5737558,139.87996200208335,0.6273351314481935,2.066458666468447
2024-11-15,142.0414714,140.17881565624998,0.6502984930219573,1.212357250728068
2024-12-01,142.2690905,140.49021121875,0.751728605219027,1.0271506760309723
2024-12-15,142.245324,140.73457093125,0.9700228548558527,0.5407302138941532
2025-01-01,142.1837327,140.86844074166666,1.2153150273972515,0.09997693093609561
2025-01-15,141.9358693,140.93511748125,1.180203987076648,-0.1794521683266299
2025-02-01,141.5769475,140.9973825,0.9594672021672312,-0.3799022021672289
2025-02-15,141.4219354,141.07697964166664,0.9232365244129688,-0.578280766079613
2025-03-01,141.1497029,142.06577200275433,0.945721733567033,-1.8617908363213682
2025-03-15,141.626452,142.33629126095087,0.8799496002193314,-1.5897888611702036
2025-04-01,140.7941962,142.60681051914742,0.22805266918302922,-2.040666988330458
2025-04-15,141.3895935,142.87732977734402,0.17286800002803226,-1.660604277372059
2025-05-01,141.174552,143.14784903554056,-0.8049157067492195,-1.1683813287913347
2025-05-15,141.6632292,143.4183682937371,-0.9868320042175357,-0.7683070895195782
2025-06-01,141.2532706,143.68888755193365,-1.102667102734646,-1.332949849198993
2025-06-15,141.3009296,143.95940681013025,-1.0882267657353135,-1.570250444394944
2025-07-01,141.5213936,144.2299260683268,-0.9106839921666775,-1.7978484761601026
2025-07-15,141.4109017,144.50044532652333,-0.9125114513609922,-2.1770321751623305
2025-08-01,140.8299849,144.77096458471988,-0.949253329266385,-2.9917263554534927
2025-08-15,140.7627208,145.04148384291648,-0.9244084352233128,-3.3543546076931534
