TIME_PERIOD,OBS_VALUE,OBS_EXCEPTION,OBS_STATUS,OBS_SOURCE,OBS_NOTE,COBER_GEO
2025/08/02,140.762720763,,,127,,00
2025/08/01,140.829984901,,,127,,00
2025/07/02,141.4109017054,,,127,,00
2025/07/01,141.5213935786,,,127,,00
2025/06/02,141.3009296303,,,127,,00
2025/06/01,141.2532706164,,,127,,00
2025/05/02,141.6632292298,,,127,,00
2025/05/01,141.174551995,,,127,,00
2025/04/02,141.3895934927,,,127,,00
2025/04/01,140.7941962314,,,127,,00
2025/03/02,141.6264520212,,,127,,00
2025/03/01,141.1497029375,,,127,,00
2025/02/02,141.4219354042,,,127,,00
2025/02/01,141.5769475348,,,127,,00
2025/01/02,141.9358692715,,,127,,00
2025/01/01,142.1837327063,,,127,,00
2024/12/02,142.2453239532,,,127,,00
2024/12/01,142.269090526899,,,127,,00
2024/11/02,142.0414714042,,,127,,00
2024/11/01,142.5737558157,,,127,,00
2024/10/02,140.555868377,,,127,,00
2024/10/01,139.2157478677,,,127,,00
2024/09/02,137.7221209892,,,127,,00
2024/09/01,138.0362845528,,,127,,00
2024/08/02,138.4698256934,,,127,,00
2024/08/01,139.302217182699,,,127,,00
2024/07/02,139.9499485084,,,127,,00
2024/07/01,139.7818633364,,,127,,00
2024/06/02,136.6147090334,,,127,,00
2024/06/01,134.2102250342,,,127,,00
2024/05/02,133.75928778,,,127,,00
2024/05/01,134.7335179604,,,127,,00
2024/04/02,136.5221185048,,,127,,00
2024/04/01,135.4446615867,,,127,,00
2024/03/02,135.6110755358,,,127,,00
2024/03/01,135.8656495871,,,127,,00
2024/02/02,135.7458481752,,,127,,00
2024/02/01,136.1628382832,,,127,,00
2024/01/02,137.683569211,,,127,,00
2024/01/01,137.2406488392,,,127,,00
2023/12/02,135.5819339287,,,127,,00
2023/12/01,132.9655277875,,,127,,00
2023/11/02,132.061979908,,,127,,00
2023/11/01,132.4507211658,,,127,,00
2023/10/02,129.90555222,,,127,,00
2023/10/01,129.9044227052,,,127,,00
2023/09/02,129.5852250615,,,127,,00
2023/09/01,129.3329090775,,,127,,00
2023/08/02,129.0837649583,,,127,,00
2023/08/01,128.0387966588,,,127,,00
2023/07/02,127.126204643,,,127,,00
2023/07/01,126.3415615454,,,127,,00
2023/06/02,125.7825913452,,,127,,00
2023/06/01,125.7415843734,,,127,,00
2023/05/02,126.068497054,,,127,,00
2023/05/01,126.7799375619,,,127,,00
2023/04/02,129.166625332,,,127,,00
2023/04/01,128.5310899024,,,127,,00
2023/03/02,130.1136155938,,,127,,00
2023/03/01,130.8467760399,,,127,,00
2023/02/02,131.2530350666,,,127,,00
2023/02/01,131.020093852,,,127,,00
2023/01/02,130.8205672238,,,127,,00
2023/01/01,130.4116468612,,,127,,00
2022/12/02,129.7541904144,,,127,,00
2022/12/01,129.9953639277,,,127,,00
2022/11/02,130.1799456997,,,127,,00
2022/11/01,130.6128452132,,,127,,00
2022/10/02,129.0784748433,,,127,,00
2022/10/01,129.2809806083,,,127,,00
2022/09/02,128.6656499607,,,127,,00
2022/09/01,128.7121897401,,,127,,00
2022/08/02,128.299841959,,,127,,00
2022/08/01,127.8678409095,,,127,,00
2022/07/02,127.589848724,,,127,,00
2022/07/01,127.5843336713,,,127,,00
2022/06/02,126.7193837825,,,127,,00
2022/06/01,125.7029034669,,,127,,00
2022/05/02,125.092734083,,,127,,00
2022/05/01,124.6655605419,,,127,,00
2022/04/02,126.1168037072,,,127,,00
2022/04/01,126.2275566858,,,127,,00
2022/03/02,127.0716967385,,,127,,00
2022/03/01,125.6295226528,,,127,,00
2022/02/02,124.5619239365,,,127,,00
2022/02/01,123.6862653194,,,127,,00
2022/01/02,123.178621733,,,127,,00
2022/01/01,122.523675874,,,127,,00
2021/12/02,121.8832117706,,,127,,00
2021/12/01,122.5416501034,,,127,,00
2021/11/02,124.1486532261,,,127,,00
2021/11/01,122.5060976157,,,127,,00
2021/10/02,119.7680926045,,,127,,00
2021/10/01,118.665728684,,,127,,00
2021/09/02,117.2850773051,,,127,,00
2021/09/01,116.7758247301,,,127,,00
2021/08/02,115.8968731943,,,127,,00
2021/08/01,115.6210412243,,,127,,00
2021/07/02,116.6936113303,,,127,,00
2021/07/01,116.033169843,,,127,,00
2021/06/02,115.4007281658,,,127,,00
2021/06/01,115.1883397226,,,127,,00
2021/05/02,114.8338298869,,,127,,00
2021/05/01,114.7942117167,,,127,,00
2021/04/02,115.9537297786,,,127,,00
2021/04/01,115.4060954564,,,127,,00
2021/03/02,115.7343954771,,,127,,00
2021/03/01,115.149813625,,,127,,00
2021/02/02,113.9195108003,,,127,,00
2021/02/01,113.1282581213,,,127,,00
2021/01/02,112.8398453113,,,127,,00
2021/01/01,111.1724853354,,,127,,00
2020/12/02,109.6696711771,,,127,,00
2020/12/01,109.0835049731,,,127,,00
2020/11/02,109.3356729346,,,127,,00
2020/11/01,109.6962682834,,,127,,00
2020/10/02,109.1437181694,,,127,,00
2020/10/01,108.6579779942,,,127,,00
2020/09/02,106.7323871623,,,127,,00
2020/09/01,107.2750770799,,,127,,00
2020/08/02,107.1099916676,,,127,,00
2020/08/01,106.9817345985,,,127,,00
2020/07/02,106.5192298093,,,127,,00
2020/07/01,106.2228192838,,,127,,00
2020/06/02,105.489762783,,,127,,00
2020/06/01,104.1424738209,,,127,,00
2020/05/02,103.74098427,,,127,,00
2020/05/01,103.5775196047,,,127,,00
2020/04/02,103.1000149346,,,127,,00
2020/04/01,102.8522730132,,,127,,00
2020/03/02,106.6495466578,,,127,,00
2020/03/01,110.5234097776,,,127,,00
2020/02/02,110.5723791566,,,127,,00
2020/02/01,108.935936252,,,127,,00
2020/01/02,109.1098645161,,,127,,00
2020/01/01,109.1610489685,,,127,,00
2019/12/02,108.6637713332,,,127,,00
2019/12/01,107.5294051723,,,127,,00
2019/11/02,107.1994161141,,,127,,00
2019/11/01,106.847136758,,,127,,00
2019/10/02,104.4439953349,,,127,,00
2019/10/01,104.1382728974,,,127,,00
2019/09/02,102.8658838852,,,127,,00
2019/09/01,102.7117278571,,,127,,00
2019/08/02,102.5784069476,,,127,,00
2019/08/01,102.6847154104,,,127,,00
2019/07/02,103.3702041528,,,127,,00
2019/07/01,103.3418557443,,,127,,00
2019/06/02,102.7289086224,,,127,,00
2019/06/01,102.4689125034,,,127,,00
2019/05/02,102.957938465,,,127,,00
2019/05/01,103.6366903859,,,127,,00
2019/04/02,105.2021836561,,,127,,00
2019/04/01,104.876509879,,,127,,00
2019/03/02,106.2810361748,,,127,,00
2019/03/01,106.2340437546,,,127,,00
2019/02/02,105.7131443574,,,127,,00
2019/02/01,105.7310333496,,,127,,00
2019/01/02,106.957608288,,,127,,00
2019/01/01,107.4408017288,,,127,,00
2018/12/02,107.2351536307,,,127,,00
2018/12/01,107.6934164944,,,127,,00
2018/11/02,106.6570926742,,,127,,00
2018/11/01,105.3182726937,,,127,,00
2018/10/02,103.3682696587,,,127,,00
2018/10/01,103.1218912801,,,127,,00
2018/09/02,102.0042963106,,,127,,00
2018/09/01,102.132303868,,,127,,00
2018/08/02,101.8011870443,,,127,,00
2018/08/01,100.862428944,,,127,,00
2018/07/02,100,,,127,,00
2018/07/01,99.443559711519,,,127,,00
2018/06/02,98.7422886158597,,,127,,00
2018/06/01,98.2074679473035,,,127,,00
2018/05/02,97.9166967237976,,,127,,00
2018/05/01,97.3894591206569,,,127,,00
2018/04/02,98.8791393249963,,,127,,00
2018/04/01,99.155012799494,,,127,,00
2018/03/02,100.698571352583,,,127,,00
2018/03/01,100.801436584052,,,127,,00
2018/02/02,100.336177250063,,,127,,00
2018/02/01,100.555265551588,,,127,,00
2018/01/02,100.613157839477,,,127,,00
2018/01/01,100.119801062966,,,127,,00
2017/12/02,99.6875389453737,,,127,,00
2017/12/01,98.5887902137987,,,127,,00
2017/11/02,98.1336055899871,,,127,,00
2017/11/01,98.0078170338382,,,127,,00
2017/10/02,95.3447838057742,,,127,,00
2017/10/01,94.9703399550836,,,127,,00
2017/09/02,93.2393421810395,,,127,,00
2017/09/01,93.7838647536189,,,127,,00
2017/08/02,93.2883593940277,,,127,,00
2017/08/01,92.9797217656251,,,127,,00
2017/07/02,92.3875910815648,,,127,,00
2017/07/01,91.6324040225642,,,127,,00
2017/06/02,91.2793291390097,,,127,,00
2017/06/01,91.4339951471382,,,127,,00
2017/05/02,91.3491947096912,,,127,,00
2017/05/01,91.2004988811967,,,127,,00
2017/04/02,92.8675779054939,,,127,,00
2017/04/01,92.087745098132,,,127,,00
2017/03/02,93.3745461012342,,,127,,00
2017/03/01,93.1527486110199,,,127,,00
2017/02/02,92.7207268596383,,,127,,00
2017/02/01,92.4476453592536,,,127,,00
2017/01/02,92.4889050894008,,,127,,00
2017/01/01,92.6214344022656,,,127,,00
2016/12/02,88.1858558893368,,,127,,00
2016/12/01,87.8702067755047,,,127,,00
2016/11/02,87.6451706135721,,,127,,00
2016/11/01,87.5233154543746,,,127,,00
2016/10/02,85.4129937048867,,,127,,00
2016/10/01,85.4236926803536,,,127,,00
2016/09/02,84.1305461961044,,,127,,00
2016/09/01,83.9357761791869,,,127,,00
2016/08/02,83.0185466611387,,,127,,00
2016/08/01,83.3155621294482,,,127,,00
2016/07/02,82.569681386411,,,127,,00
2016/07/01,82.8092335259368,,,127,,00
2016/06/02,82.1476388635648,,,127,,00
2016/06/01,82.3224741794594,,,127,,00
2016/05/02,82.6734027591109,,,127,,00
2016/05/01,82.3752702250974,,,127,,00
2016/04/02,84.280616341604,,,127,,00
2016/04/01,85.0151106983161,,,127,,00
2016/03/02,86.6110010389938,,,127,,00
2016/03/01,86.0612424924817,,,127,,00
2016/02/02,86.5145585592715,,,127,,00
2016/02/01,87.0121340862928,,,127,,00
2016/01/02,86.6090814711845,,,127,,00
2016/01/01,85.7482206366489,,,127,,00
2015/12/02,85.860040739824,,,127,,00
2015/12/01,84.8587979626715,,,127,,00
2015/11/02,84.6785898050767,,,127,,00
2015/11/01,84.8259336872229,,,127,,00
2015/10/02,83.0415380414165,,,127,,00
2015/10/01,82.8946224202527,,,127,,00
2015/09/02,81.7202481848602,,,127,,00
2015/09/01,82.0031069111203,,,127,,00
2015/08/02,81.6143523544369,,,127,,00
2015/08/01,81.4780773336028,,,127,,00
2015/07/02,81.4011889437617,,,127,,00
2015/07/01,81.2994480904516,,,127,,00
2015/06/02,81.2348754553175,,,127,,00
2015/06/01,81.3563629609167,,,127,,00
2015/05/02,81.2311968895683,,,127,,00
2015/05/01,81.301878850288,,,127,,00
2015/04/02,83.1933130613405,,,127,,00
2015/04/01,83.3386915261171,,,127,,00
2015/03/02,84.9483737673317,,,127,,00
2015/03/01,84.1450222112219,,,127,,00
2015/02/02,83.9121162595528,,,127,,00
2015/02/01,83.756534114156,,,127,,00
2015/01/02,84.1133769754604,,,127,,00
2015/01/01,84.0036000461019,,,127,,00
2014/12/02,84.4046822835052,,,127,,00
2014/12/01,84.162811818987,,,127,,00
2014/11/02,83.2952682278969,,,127,,00
2014/11/01,83.1417757930786,,,127,,00
2014/10/02,80.9911016026103,,,127,,00
2014/10/01,80.8583919102401,,,127,,00
2014/09/02,79.4948871443198,,,127,,00
2014/09/01,79.5155160327688,,,127,,00
2014/08/02,79.0425394930233,,,127,,00
2014/08/01,78.5156095749123,,,127,,00
2014/07/02,78.2593894626669,,,127,,00
2014/07/01,77.9970082570148,,,127,,00
2014/06/02,77.6978775321246,,,127,,00
2014/06/01,77.6930649700407,,,127,,00
2014/05/02,77.7169581017601,,,127,,00
2014/05/01,77.6043199613016,,,127,,00
2014/04/02,78.9606337697744,,,127,,00
2014/04/01,78.9444771884511,,,127,,00
2014/03/02,80.2169470615999,,,127,,00
2014/03/01,80.3771159838961,,,127,,00
2014/02/02,80.0746730572431,,,127,,00
2014/02/01,79.7863856997236,,,127,,00
2014/01/02,79.6879074016647,,,127,,00
2014/01/01,79.9091938587781,,,127,,00
2013/12/02,79.4110249996088,,,127,,00
2013/12/01,78.5729582080103,,,127,,00
2013/11/02,78.0171021664111,,,127,,00
2013/11/01,77.8573956735538,,,127,,00
2013/10/02,75.3940542670445,,,127,,00
2013/10/01,75.1551322344854,,,127,,00
2013/09/02,74.2029343938961,,,127,,00
2013/09/01,74.2495866075175,,,127,,00
2013/08/02,73.9123439644538,,,127,,00
2013/08/01,73.7269944327633,,,127,,00
2013/07/02,73.1545186684447,,,127,,00
2013/07/01,73.1157750449089,,,127,,00
2013/06/02,73.2014477743469,,,127,,00
2013/06/01,73.4467312741288,,,127,,00
2013/05/02,73.768588101465,,,127,,00
2013/05/01,73.8943610453884,,,127,,00
2013/04/02,75.3453249628768,,,127,,00
2013/04/01,75.402894794939,,,127,,00
2013/03/02,75.825456425737,,,127,,00
2013/03/01,74.9168440081452,,,127,,00
2013/02/02,73.909591992068,,,127,,00
2013/02/01,73.7238148184857,,,127,,00
2013/01/02,73.5613963874038,,,127,,00
2013/01/01,73.421117708779,,,127,,00
2012/12/02,73.3612669973953,,,127,,00
2012/12/01,73.1339698614903,,,127,,00
2012/11/02,72.8981051276737,,,127,,00
2012/11/01,72.7558320312677,,,127,,00
2012/10/02,70.7840268284889,,,127,,00
2012/10/01,70.9994654524149,,,127,,00
2012/09/02,70.0322863271119,,,127,,00
2012/09/01,69.7598817219179,,,127,,00
2012/08/02,69.2854918303675,,,127,,00
2012/08/01,68.6822960751285,,,127,,00
2012/07/02,68.6349126542871,,,127,,00
2012/07/01,68.5731934905967,,,127,,00
2012/06/02,67.8836980623178,,,127,,00
2012/06/01,67.4156369109229,,,127,,00
2012/05/02,66.9361262101594,,,127,,00
2012/05/01,66.6270974051714,,,127,,00
2012/04/02,68.3708116672571,,,127,,00
2012/04/01,68.2748058434707,,,127,,00
2012/03/02,69.5807069294384,,,127,,00
2012/03/01,69.6202107906569,,,127,,00
2012/02/02,69.8500060454621,,,127,,00
2012/02/01,70.1208476627158,,,127,,00
2012/01/02,70.5046214042513,,,127,,00
2012/01/01,70.1862492710518,,,127,,00
2011/12/02,69.6898550561365,,,127,,00
2011/12/01,68.8502081297853,,,127,,00
2011/11/02,68.1477543486758,,,127,,00
2011/11/01,67.8584712232908,,,127,,00
2011/10/02,65.6196578013853,,,127,,00
2011/10/01,65.5746113590029,,,127,,00
2011/09/02,64.2681077250249,,,127,,00
2011/09/01,64.2021284949286,,,127,,00
2011/08/02,64.078031453083,,,127,,00
2011/08/01,64.170683893712,,,127,,00
2011/07/02,64.1209896903496,,,127,,00
2011/07/01,63.7580687666326,,,127,,00
2011/06/02,63.1765618436821,,,127,,00
2011/06/01,62.9629459088164,,,127,,00
2011/05/02,63.2078785505334,,,127,,00
2011/05/01,63.815179955087,,,127,,00
2011/04/02,66.1232833025945,,,127,,00
2011/04/01,65.9198369186146,,,127,,00
2011/03/02,66.2920595848497,,,127,,00
2011/03/01,66.124895166708,,,127,,00
2011/02/02,66.5101616722132,,,127,,00
2011/02/01,66.1248260565442,,,127,,00
2011/01/02,66.0260941430249,,,127,,00
2011/01/01,66.2328782637821,,,127,,00
2010/12/02,66.1916419215249,,,127,,00
2010/12/01,65.3239632129291,,,127,,00
2010/11/02,65.4278926949683,,,127,,00
2010/11/01,65.1799188986243,,,127,,00
2010/10/02,63.7228753463932,,,127,,00
2010/10/01,63.5441780191606,,,127,,00
2010/09/02,62.4978592286276,,,127,,00
2010/09/01,62.252655109711,,,127,,00
2010/08/02,61.8575390108944,,,127,,00
2010/08/01,61.5814521394301,,,127,,00
2010/07/02,61.3407301649193,,,127,,00
2010/07/01,61.0221678120029,,,127,,00
2010/06/02,60.9156688104259,,,127,,00
2010/06/01,61.1453012455039,,,127,,00
2010/05/02,61.321594295996,,,127,,00
2010/05/01,61.4653047001624,,,127,,00
2010/04/02,63.2233169860864,,,127,,00
2010/04/01,63.8678310643306,,,127,,00
2010/03/02,64.6325066438134,,,127,,00
2010/03/01,64.5990880270276,,,127,,00
2010/02/02,63.7281992742433,,,127,,00
2010/02/01,63.1532670151003,,,127,,00
2010/01/02,63.0047192534445,,,127,,00
2010/01/01,62.4853624543243,,,127,,00
2009/12/02,61.5108544939713,,,127,,00
2009/12/01,61.302544765995,,,127,,00
2009/11/02,61.3297591697482,,,127,,00
2009/11/01,61.1832778960285,,,127,,00
2009/10/02,59.9960012850192,,,127,,00
2009/10/01,60.4024349623943,,,127,,00
2009/09/02,59.9495911825833,,,127,,00
2009/09/01,60.1674181342637,,,127,,00
2009/08/02,59.7489215718152,,,127,,00
2009/08/01,59.3504256945623,,,127,,00
2009/07/02,59.2332624962149,,,127,,00
2009/07/01,59.2470461815329,,,127,,00
2009/06/02,59.1425001643336,,,127,,00
2009/06/01,59.1481817856238,,,127,,00
2009/05/02,59.0822137474889,,,127,,00
2009/05/01,59.2591468354276,,,127,,00
2009/04/02,60.3019126702793,,,127,,00
2009/04/01,60.3028274124072,,,127,,00
2009/03/02,60.387344980592,,,127,,00
2009/03/01,60.0820830147102,,,127,,00
2009/02/02,59.8190213921478,,,127,,00
2009/02/01,59.7294210878236,,,127,,00
2009/01/02,59.82845677925,,,127,,00
2009/01/01,60.3949633202622,,,127,,00
2008/12/02,60.5387076934344,,,127,,00
2008/12/01,60.1998203976641,,,127,,00
2008/11/02,59.85639399366,,,127,,00
2008/11/01,59.5938910464397,,,127,,00
2008/10/02,57.8254709721791,,,127,,00
2008/10/01,57.723864596242,,,127,,00
2008/09/02,56.7877271220351,,,127,,00
2008/09/01,56.4951745898146,,,127,,00
2008/08/02,56.1797011850135,,,127,,00
2008/08/01,55.9723781201529,,,127,,00
2008/07/02,55.6465860330048,,,127,,00
2008/07/01,55.2499185804966,,,127,,00
2008/06/02,54.7571228472008,,,127,,00
2008/06/01,54.9459728525726,,,127,,00
2008/05/02,54.7334442084346,,,127,,00
2008/05/01,54.7240546534631,,,127,,00
2008/04/02,55.8260528908738,,,127,,00
2008/04/01,55.9128239568419,,,127,,00
2008/03/02,56.213116457495,,,127,,00
2008/03/01,55.880038077938,,,127,,00
2008/02/02,55.317661763951,,,127,,00
2008/02/01,55.1064196241847,,,127,,00
2008/01/02,55.1091667201422,,,127,,00
2008/01/01,55.4714389547196,,,127,,00
2007/12/02,55.2634608330386,,,127,,00
2007/12/01,54.6982514212177,,,127,,00
2007/11/02,54.7821075894257,,,127,,00
2007/11/01,54.6141163850884,,,127,,00
2007/10/02,53.3277741866258,,,127,,00
2007/10/01,53.5838743769264,,,127,,00
2007/09/02,53.1731509044078,,,127,,00
2007/09/01,53.1034389362939,,,127,,00
2007/08/02,52.3256402990927,,,127,,00
2007/08/01,52.0737738459865,,,127,,00
2007/07/02,51.9116216429123,,,127,,00
2007/07/01,51.5753825390887,,,127,,00
2007/06/02,51.31986690017,,,127,,00
2007/06/01,51.3024340789241,,,127,,00
2007/05/02,51.3962471487488,,,127,,00
2007/05/01,51.6880773412548,,,127,,00
2007/04/02,53.0412788323104,,,127,,00
2007/04/01,52.9917813146107,,,127,,00
2007/03/02,53.5453208082937,,,127,,00
2007/03/01,53.4482164418815,,,127,,00
2007/02/02,53.5074144984064,,,127,,00
2007/02/01,53.5300389870927,,,127,,00
2007/01/02,53.5820311935564,,,127,,00
2007/01/01,53.5107013918954,,,127,,00
2006/12/02,53.3200641045747,,,127,,00
2006/12/01,53.0398344936666,,,127,,00
2006/11/02,52.6501188709478,,,127,,00
2006/11/01,52.466097500677,,,127,,00
2006/10/02,51.5404434116137,,,127,,00
2006/10/01,52.1193724336725,,,127,,00
2006/09/02,51.6786702030892,,,127,,00
2006/09/01,50.8160408375094,,,127,,00
2006/08/02,50.2905448254649,,,127,,00
2006/08/01,49.6006557701212,,,127,,00
2006/07/02,49.1639477506051,,,127,,00
2006/07/01,49.0705130666557,,,127,,00
2006/06/02,48.8413726576435,,,127,,00
2006/06/01,49.0719806282094,,,127,,00
2006/05/02,49.2062880604987,,,127,,00
2006/05/01,49.3609678109514,,,127,,00
2006/04/02,50.5429243194956,,,127,,00
2006/04/01,50.4542850741422,,,127,,00
2006/03/02,50.7382748465815,,,127,,00
2006/03/01,50.7679407558734,,,127,,00
2006/02/02,51.0272567819651,,,127,,00
2006/02/01,51.2690643708592,,,127,,00
2006/01/02,51.4602600078817,,,127,,00
2006/01/01,51.268143781549,,,127,,00
2005/12/02,50.7477593022039,,,127,,00
2005/12/01,50.1444899658224,,,127,,00
2005/11/02,49.5591300270456,,,127,,00
2005/11/01,49.6103332583856,,,127,,00
2005/10/02,48.3391245641747,,,127,,00
2005/10/01,48.4054798842926,,,127,,00
2005/09/02,48.2118562083001,,,127,,00
2005/09/01,48.2748102142597,,,127,,00
2005/08/02,48.2089346086131,,,127,,00
2005/08/01,48.1559377803741,,,127,,00
2005/07/02,48.1676267467217,,,127,,00
2005/07/01,48.1471243515052,,,127,,00
2005/06/02,47.7119470959106,,,127,,00
2005/06/01,47.6123319600165,,,127,,00
2005/05/02,48.1131613088506,,,127,,00
2005/05/01,48.4247920403806,,,127,,00
2005/04/02,49.4764838671703,,,127,,00
2005/04/01,48.7817122101927,,,127,,00
2005/03/02,48.7765016213889,,,127,,00
2005/03/01,48.585351731098,,,127,,00
2005/02/02,48.4170457900388,,,127,,00
2005/02/01,47.9652474206935,,,127,,00
2005/01/02,47.9707622968267,,,127,,00
2005/01/01,48.2708298613096,,,127,,00
2004/12/02,48.4857898421164,,,127,,00
2004/12/01,48.9672643661779,,,127,,00
2004/11/02,48.9362490521742,,,127,,00
2004/11/01,48.5516788796655,,,127,,00
2004/10/02,47.4155190176765,,,127,,00
2004/10/01,47.2611955167972,,,127,,00
2004/09/02,46.4580084109291,,,127,,00
2004/09/01,46.2635028605386,,,127,,00
2004/08/02,45.8296913397751,,,127,,00
2004/08/01,45.3176368026247,,,127,,00
2004/07/02,44.7985721700143,,,127,,00
2004/07/01,44.7082210173031,,,127,,00
2004/06/02,44.5385713831759,,,127,,00
2004/06/01,44.451567698093,,,127,,00
2004/05/02,44.5088053472593,,,127,,00
2004/05/01,44.6763919409614,,,127,,00
2004/04/02,45.6161899538019,,,127,,00
2004/04/01,45.3326972081792,,,127,,00
2004/03/02,45.6181685858588,,,127,,00
2004/03/01,45.7635276994665,,,127,,00
2004/02/02,45.6659748859876,,,127,,00
2004/02/01,45.4937998565349,,,127,,00
2004/01/02,45.2204023956641,,,127,,00
2004/01/01,44.9337275232541,,,127,,00
2003/12/02,44.5646928172524,,,127,,00
2003/12/01,44.2956936221066,,,127,,00
2003/11/02,44.0660598119713,,,127,,00
2003/11/01,43.9743656837803,,,127,,00
2003/10/02,42.8507803857646,,,127,,00
2003/10/01,42.7047401758794,,,127,,00
2003/09/02,42.3527779287928,,,127,,00
2003/09/01,42.416198369603,,,127,,00
2003/08/02,42.1070897159138,,,127,,00
2003/08/01,41.8025735808417,,,127,,00
2003/07/02,41.8704250497581,,,127,,00
2003/07/01,41.9694356299673,,,127,,00
2003/06/02,41.9218565051521,,,127,,00
2003/06/01,41.7685186346368,,,127,,00
2003/05/02,41.8486580191351,,,127,,00
2003/05/01,41.8522384381105,,,127,,00
2003/04/02,42.8728646473403,,,127,,00
2003/04/01,42.915386832949,,,127,,00
2003/03/02,43.1863113559597,,,127,,00
2003/03/01,42.9707642058427,,,127,,00
2003/02/02,42.5200179627486,,,127,,00
2003/02/01,42.4123067649608,,,127,,00
2003/01/02,42.515738282107,,,127,,00
2003/01/01,42.8441916275914,,,127,,00
2002/12/02,42.6069932595687,,,127,,00
2002/12/01,42.5325788430732,,,127,,00
2002/11/02,42.2333924252953,,,127,,00
2002/11/01,41.8529797076304,,,127,,00
2002/10/02,40.8052213496524,,,127,,00
2002/10/01,40.7660506464168,,,127,,00
2002/09/02,40.2931413440287,,,127,,00
2002/09/01,40.2963550260959,,,127,,00
2002/08/02,40.1457607590996,,,127,,00
2002/08/01,40.1336526842939,,,127,,00
2002/07/02,39.9978103417366,,,127,,00
2002/07/01,39.8479595478706,,,127,,00
2002/06/02,39.7164832060642,,,127,,00
2002/06/01,39.4973431657018,,,127,,00
2002/05/02,39.038874793141,,,127,,00
2002/05/01,38.9822425159773,,,127,,00
2002/04/02,38.6744551368897,,,127,,00
2002/04/01,39.1489025336635,,,127,,00
2002/03/02,38.7338159323469,,,127,,00
2002/03/01,38.2450139542902,,,127,,00
2002/02/02,38.0374314723393,,,127,,00
2002/02/01,38.3182664125716,,,127,,00
2002/01/02,39.1856791858214,,,127,,00
2002/01/01,38.9277331947281,,,127,,00
2001/12/02,38.1970226486506,,,127,,00
2001/12/01,38.2758232096279,,,127,,00
2001/11/02,38.2056130671389,,,127,,00
2001/11/01,38.3829340215864,,,127,,00
2001/10/02,38.1047698290687,,,127,,00
2001/10/01,37.8960837064019,,,127,,00
2001/09/02,37.627597964432,,,127,,00
2001/09/01,37.5968374661437,,,127,,00
2001/08/02,37.2999334310735,,,127,,00
2001/08/01,36.8560998341847,,,127,,00
2001/07/02,36.6909611744566,,,127,,00
2001/07/01,36.4722179978397,,,127,,00
2001/06/02,37.0765708677365,,,127,,00
2001/06/01,37.1729801843454,,,127,,00
2001/05/02,37.201057890982,,,127,,00
2001/05/01,37.0547589375694,,,127,,00
2001/04/02,37.2217148456483,,,127,,00
2001/04/01,37.1440856713973,,,127,,00
2001/03/02,37.2129662636309,,,127,,00
2001/03/01,36.7314796688774,,,127,,00
2001/02/02,36.5903514975491,,,127,,00
2001/02/01,36.8149467285183,,,127,,00
2001/01/02,37.4404110251602,,,127,,00
2001/01/01,37.7418561042342,,,127,,00
2000/12/02,37.8264064642522,,,127,,00
2000/12/01,37.3337018562081,,,127,,00
2000/11/02,36.6676470807432,,,127,,00
2000/11/01,36.6204286236186,,,127,,00
2000/10/02,36.2530543630998,,,127,,00
2000/10/01,35.9644064899425,,,127,,00
2000/09/02,35.6528549712722,,,127,,00
2000/09/01,35.7326374279142,,,127,,00
2000/08/02,35.6865316326308,,,127,,00
2000/08/01,35.2618426524599,,,127,,00
2000/07/02,35.1322039844695,,,127,,00
2000/07/01,35.1625489610944,,,127,,00
2000/06/02,35.0468227156022,,,127,,00
2000/06/01,34.8590145971879,,,127,,00
2000/05/02,34.5354989552328,,,127,,00
2000/05/01,34.4442030289254,,,127,,00
2000/04/02,34.4974145770803,,,127,,00
2000/04/01,34.3527353468637,,,127,,00
2000/03/02,34.1918404839126,,,127,,00
2000/03/01,34.1819986962122,,,127,,00
2000/02/02,34.0666435427463,,,127,,00
2000/02/01,34.1125537786827,,,127,,00
2000/01/02,34.0177541865014,,,127,,00
2000/01/01,33.9766423466367,,,127,,00
1999/12/02,33.7253494548949,,,127,,00
1999/12/01,33.2775429647257,,,127,,00
1999/11/02,33.0499872815205,,,127,,00
1999/11/01,32.9181675037193,,,127,,00
1999/10/02,32.4176308523752,,,127,,00
1999/10/01,32.4879749355565,,,127,,00
1999/09/02,32.3481380196368,,,127,,00
1999/09/01,32.3107660315417,,,127,,00
1999/08/02,32.2130742496254,,,127,,00
1999/08/01,32.2948813743207,,,127,,00
1999/07/02,32.2846785666392,,,127,,00
1999/07/01,32.219466493958,,,127,,00
1999/06/02,32.0483426635102,,,127,,00
1999/06/01,32.0312566862912,,,127,,00
1999/05/02,31.9510440970824,,,127,,00
1999/05/01,31.9285093358616,,,127,,00
1999/04/02,32.1164790173832,,,127,,00
1999/04/01,32.0448735452352,,,127,,00
1999/03/02,32.0026572417647,,,127,,00
1999/03/01,32.0732622321094,,,127,,00
1999/02/02,32.2034279579842,,,127,,00
1999/02/01,32.4165744460486,,,127,,00
1999/01/02,32.3700700113985,,,127,,00
1999/01/01,32.2220986242335,,,127,,00
1998/12/02,31.654611239625,,,127,,00
1998/12/01,31.1489773330506,,,127,,00
1998/11/02,30.3354288318509,,,127,,00
1998/11/01,29.5452342882248,,,127,,00
1998/10/02,28.9713666054665,,,127,,00
1998/10/01,28.8513570019137,,,127,,00
1998/09/02,28.5475700300314,,,127,,00
1998/09/01,28.4076154083703,,,127,,00
1998/08/02,28.2895985959008,,,127,,00
1998/08/01,28.2335887422527,,,127,,00
1998/07/02,28.1321742485925,,,127,,00
1998/07/01,27.9600808741753,,,127,,00
1998/06/02,27.6983816497319,,,127,,00
1998/06/01,27.5574302347552,,,127,,00
1998/05/02,27.361931004641,,,127,,00
1998/05/01,27.2467797951439,,,127,,00
1998/04/02,27.3156737227137,,,127,,00
1998/04/01,27.2859127951536,,,127,,00
1998/03/02,27.2570068141547,,,127,,00
1998/03/01,27.1491011658934,,,127,,00
1998/02/02,26.8771175885708,,,127,,00
1998/02/01,26.8115115226182,,,127,,00
1998/01/02,26.6029260900774,,,127,,00
1998/01/01,26.4264096331331,,,127,,00
1997/12/02,25.9682106619806,,,127,,00
1997/12/01,25.5547964205935,,,127,,00
1997/11/02,25.348478687646,,,127,,00
1997/11/01,25.2533446362031,,,127,,00
1997/10/02,24.9381216101181,,,127,,00
1997/10/01,24.926621511398,,,127,,00
1997/09/02,24.8034748956449,,,127,,00
1997/09/01,24.8341673480244,,,127,,00
1997/08/02,24.6978247206729,,,127,,00
1997/08/01,24.5822018564663,,,127,,00
1997/07/02,24.4248426514896,,,127,,00
1997/07/01,24.3030160354149,,,127,,00
1997/06/02,24.1380069482088,,,127,,00
1997/06/01,24.1013015838277,,,127,,00
1997/05/02,24.0324234637824,,,127,,00
1997/05/01,24.0129624416148,,,127,,00
1997/04/02,24.0610805478438,,,127,,00
1997/04/01,24.0420624383737,,,127,,00
1997/03/02,23.9782523889013,,,127,,00
1997/03/01,23.8549423564015,,,127,,00
1997/02/02,23.6807026984538,,,127,,00
1997/02/01,23.6102682052128,,,127,,00
1997/01/02,23.4057240229195,,,127,,00
1997/01/01,23.1732591650963,,,127,,00
1996/12/02,22.7921098586495,,,127,,00
1996/12/01,22.5303501734571,,,127,,00
1996/11/02,21.4258728728792,,,127,,00
1996/11/01,21.2441629426884,,,127,,00
1996/10/02,20.887871684406,,,127,,00
1996/10/01,20.7788852741124,,,127,,00
1996/09/02,20.5546291641737,,,127,,00
1996/09/01,20.4652227296337,,,127,,00
1996/08/02,20.3012801435441,,,127,,00
1996/08/01,20.243502046066,,,127,,00
1996/07/02,20.0836957674908,,,127,,00
1996/07/01,19.9484682605399,,,127,,00
1996/06/02,19.8386195953124,,,127,,00
1996/06/01,19.7228839588267,,,127,,00
1996/05/02,19.5822002156999,,,127,,00
1996/05/01,19.4452056574633,,,127,,00
1996/04/02,19.2689788331048,,,127,,00
1996/04/01,19.0546645410049,,,127,,00
1996/03/02,18.6831528945133,,,127,,00
1996/03/01,18.4898036855027,,,127,,00
1996/02/02,18.3433382098765,,,127,,00
1996/02/01,18.1624841118156,,,127,,00
1996/01/02,17.9206019463792,,,127,,00
1996/01/01,17.7890603802039,,,127,,00
1995/12/02,17.4395714515616,,,127,,00
1995/12/01,16.6976658504197,,,127,,00
1995/11/02,16.4108101067945,,,127,,00
1995/11/01,16.2312906541879,,,127,,00
1995/10/02,15.857228335838,,,127,,00
1995/10/01,15.6083432694256,,,127,,00
1995/09/02,15.3364080013878,,,127,,00
1995/09/01,15.2156362041138,,,127,,00
1995/08/02,15.1105654105825,,,127,,00
1995/08/01,15.0603959069112,,,127,,00
1995/07/02,14.9666266001599,,,127,,00
1995/07/01,14.8888891289017,,,127,,00
1995/06/02,14.7190685515079,,,127,,00
1995/06/01,14.5831246604422,,,127,,00
1995/05/02,14.3616727753836,,,127,,00
1995/05/01,14.231409491431,,,127,,00
1995/04/02,14.0876090517405,,,127,,00
1995/04/01,13.9398527778159,,,127,,00
1995/03/02,13.2379931228304,,,127,,00
1995/03/01,12.454987246051,,,127,,00
1995/02/02,11.8255028902495,,,127,,00
1995/02/01,11.7158994459385,,,127,,00
1995/01/02,11.519157821147,,,127,,00
1995/01/01,11.3068631612423,,,127,,00
1994/12/02,11.0108740499041,,,127,,00
1994/12/01,10.9399424314931,,,127,,00
1994/11/02,10.8525622415431,,,127,,00
1994/11/01,10.8350319849235,,,127,,00
1994/10/02,10.7803990821214,,,127,,00
1994/10/01,10.7796331642698,,,127,,00
1994/09/02,10.7238983736581,,,127,,00
1994/09/01,10.7119799303904,,,127,,00
1994/08/02,10.6858334550209,,,127,,00
1994/08/01,10.6695576558996,,,127,,00
1994/07/02,10.6486561780111,,,127,,00
1994/07/01,10.6329507964194,,,127,,00
1994/06/02,10.5913654081657,,,127,,00
1994/06/01,10.5308136442718,,,127,,00
1994/05/02,10.5254556833238,,,127,,00
1994/05/01,10.5078683288877,,,127,,00
1994/04/02,10.4873686640764,,,127,,00
1994/04/01,10.5074755947719,,,127,,00
1994/03/02,10.4919910954571,,,127,,00
1994/03/01,10.496147242603,,,127,,00
1994/02/02,10.4958008914549,,,127,,00
1994/02/01,10.5365089840909,,,127,,00
1994/01/02,10.5646145402532,,,127,,00
1994/01/01,10.5821742435558,,,127,,00
1993/12/02,10.5086704155079,,,127,,00
1993/12/01,10.395929837464,,,127,,00
1993/11/02,10.2620728781061,,,127,,00
1993/11/01,10.2236054148515,,,127,,00
1993/10/02,10.1650515513638,,,127,,00
1993/10/01,10.1791597892583,,,127,,00
1993/09/02,10.184996287724,,,127,,00
1993/09/01,10.1991827882244,,,127,,00
1993/08/02,10.143304239031,,,127,,00
1993/08/01,10.1266493932876,,,127,,00
1993/07/02,10.1211087472463,,,127,,00
1993/07/01,10.112860374022,,,127,,00
1993/06/02,10.0755506586185,,,127,,00
1993/06/01,10.0183821678141,,,127,,00
1993/05/02,9.97432252075143,,,127,,00
1993/05/01,9.92126106947605,,,127,,00
1993/04/02,9.87473377086196,,,127,,00
1993/04/01,9.82508569342985,,,127,,00
1993/03/02,9.81292033548692,,,127,,00
1993/03/01,9.83138689761008,,,127,,00
1993/02/02,9.86825994546037,,,127,,00
1993/02/01,9.93718438639151,,,127,,00
1993/01/02,9.91983214749056,,,127,,00
1993/01/01,9.91426431942856,,,127,,00
1992/12/02,9.85000306257283,,,127,,00
1992/12/01,9.73996971780718,,,127,,00
1992/11/02,9.55874712889064,,,127,,00
1992/11/01,9.48916509424238,,,127,,00
1992/10/02,9.42367519744313,,,127,,00
1992/10/01,9.39619473143268,,,127,,00
1992/09/02,9.33270776348494,,,127,,00
1992/09/01,9.31967473322995,,,127,,00
1992/08/02,9.31271967506903,,,127,,00
1992/08/01,9.32709720239677,,,127,,00
1992/07/02,9.33897009123016,,,127,,00
1992/07/01,9.34048877308404,,,127,,00
1992/06/02,9.32922601325591,,,127,,00
1992/06/01,9.34315358262187,,,127,,00
1992/05/02,9.34129793289543,,,127,,00
1992/05/01,9.39138620307148,,,127,,00
1992/04/02,9.46101689120171,,,127,,00
1992/04/01,9.47061497369082,,,127,,00
1992/03/02,9.42657094039317,,,127,,00
1992/03/01,9.35982266635694,,,127,,00
1992/02/02,9.2729166995052,,,127,,00
1992/02/01,9.26057040368478,,,127,,00
1992/01/02,9.17919993384239,,,127,,00
1992/01/01,9.08980078301818,,,127,,00
1991/12/02,9.01264342677024,,,127,,00
1991/12/01,8.94566429516286,,,127,,00
1991/11/02,8.88582265001586,,,127,,00
1991/11/01,8.35146431248276,,,127,,00
1991/10/02,7.99841572475088,,,127,,00
1991/10/01,8.01225375678937,,,127,,00
1991/09/02,7.98325427878894,,,127,,00
1991/09/01,7.9582497512706,,,127,,00
1991/08/02,7.97907847829743,,,127,,00
1991/08/01,8.01101356567093,,,127,,00
1991/07/02,8.0122965441271,,,127,,00
1991/07/01,7.97999428383243,,,127,,00
1991/06/02,7.93544838002308,,,127,,00
1991/06/01,7.91994646889295,,,127,,00
1991/05/02,7.84955982135959,,,127,,00
1991/05/01,7.78868423881631,,,127,,00
1991/04/02,7.75024066568814,,,127,,00
1991/04/01,7.72279931893277,,,127,,00
1991/03/02,7.68761829978624,,,127,,00
1991/03/01,7.64822777485313,,,127,,00
1991/02/02,7.5950121763576,,,127,,00
1991/02/01,7.5555673062351,,,127,,00
1991/01/02,7.50050049487199,,,127,,00
1991/01/01,7.48130919633173,,,127,,00
1990/12/02,7.38759320619006,,,127,,00
1990/12/01,7.27540421073813,,,127,,00
1990/11/02,7.20930491147426,,,127,,00
1990/11/01,6.86967283896833,,,127,,00
1990/10/02,6.74835703798847,,,127,,00
1990/10/01,6.74912595233636,,,127,,00
1990/09/02,6.72142454618162,,,127,,00
1990/09/01,6.65825245504773,,,127,,00
1990/08/02,6.65110642976228,,,127,,00
1990/08/01,6.62973976144062,,,127,,00
1990/07/02,6.57448622270636,,,127,,00
1990/07/01,6.52655160511598,,,127,,00
1990/06/02,6.48683685337862,,,127,,00
1990/06/01,6.45362240086199,,,127,,00
1990/05/02,6.39922416076554,,,127,,00
1990/05/01,6.38577610595561,,,127,,00
1990/04/02,6.40272771591276,,,127,,00
1990/04/01,6.38395071451572,,,127,,00
1990/03/02,6.37903336282451,,,127,,00
1990/03/01,6.38618071705809,,,127,,00
1990/02/02,6.30146100261319,,,127,,00
1990/02/01,6.15252006471525,,,127,,00
1990/01/02,6.06098726277338,,,127,,00
1990/01/01,5.95921806614268,,,127,,00
1989/12/02,5.6765694317119,,,127,,00
1989/12/01,5.45233552676689,,,127,,00
1989/11/02,5.31050749241478,,,127,,00
1989/11/01,5.29758098716574,,,127,,00
1989/10/02,5.24560505711959,,,127,,00
1989/10/01,5.26717328585894,,,127,,00
1989/09/02,5.24067390974519,,,127,,00
1989/09/01,5.22067130983181,,,127,,00
1989/08/02,5.26071815004938,,,127,,00
1989/08/01,5.29195199779956,,,127,,00
1989/07/02,5.27897361720957,,,127,,00
1989/07/01,5.24578952901584,,,127,,00
1989/06/02,5.20980740057267,,,127,,00
1989/06/01,5.1824046590367,,,127,,00
1989/05/02,5.13472078858652,,,127,,00
1989/05/01,5.04151808243762,,,127,,00
1989/04/02,4.97794784379059,,,127,,00
1989/04/01,4.95294778684781,,,127,,00
1989/03/02,4.86868117336758,,,127,,00
1989/03/01,4.82735001622272,,,127,,00
1989/02/02,4.83201359549202,,,127,,00
1989/02/01,4.84991845216,,,127,,00
1989/01/02,4.8640199544684,,,127,,00
1989/01/01,4.88920615265138,,,127,,00
1988/12/02,4.89832263409153,,,127,,00
1988/12/01,4.83778627630957,,,127,,00
1988/11/02,4.74986277213367,,,127,,00
1988/11/01,4.71782638484698,,,127,,00
1988/10/02,4.63377051463433,,,127,,00
1988/10/01,4.56686248421217,,,127,,00
1988/09/02,4.56416570507305,,,127,,00
1988/09/01,4.53032968815005,,,127,,00
1988/08/02,4.48169509068575,,,127,,00
1988/08/01,4.46200360257914,,,127,,00
1988/07/02,4.46423023604108,,,127,,00
1988/07/01,4.42034456082165,,,127,,00
1988/06/02,4.31530417086495,,,127,,00
1988/06/01,4.22979306426827,,,127,,00
1988/05/02,4.15216681432363,,,127,,00
1988/05/01,4.03932820506273,,,127,,00
1988/04/02,4.01181533012251,,,127,,00
1988/04/01,4.02296208113597,,,127,,00
1988/03/02,3.91841413300069,,,127,,00
1988/03/01,3.82857220737139,,,127,,00
1988/02/02,3.79379253797711,,,127,,00
1988/02/01,3.78002321831315,,,127,,00
1988/01/02,3.74808632398923,,,127,,00
1988/01/01,3.67514702660267,,,127,,00
